userId,movieId,rating
michelle,Godzilla 3d Includes Digital Copy Ultraviolet 3d/2d Blu-Ray/dvd,5
joshua,Dark Shadows (includes Digital Copy) (ultraviolet) (dvdvideo),3
becca,"Coty Airspun Face Powder, Translucent Extra Coverage",5
hallee,L'or233al Paris Elvive Extraordinary Clay Rebalancing Conditioner - 12.6 Fl Oz,4
dianemango,Clorox Disinfecting Wipes Value Pack Scented 150 Ct Total,5
rdlawrence7,L'or233al Paris Elvive Extraordinary Clay Rebalancing Conditioner - 12.6 Fl Oz,4
tammy,Chester's Cheese Flavored Puffcorn Snacks,5
frizzy head,Nexxus Exxtra Gel Style Creation Sculptor,1
klh392,L'or233al Paris Elvive Extraordinary Clay Rebalancing Conditioner - 12.6 Fl Oz,4
kellpey,Clorox Disinfecting Wipes Value Pack Scented 150 Ct Total,5
katie1234567,Clorox Disinfecting Bathroom Cleaner,5
tierrah,Vaseline Intensive Care Lip Therapy Cocoa Butter,5
jerry,Power Crunch Protein Energy Bar Peanut Butter Creme Original,3
dee2,Tostitos Bite Size Tortilla Chips,5
byamazon customer,"Aveeno Baby Continuous Protection Lotion Sunscreen with Broad Spectrum SPF 55, 4oz",5
gin96,Clorox Disinfecting Wipes Value Pack Scented 150 Ct Total,5
yummy,Tostitos Simply Blue Corn Tortilla Chips,5
mom21,Clorox Disinfecting Wipes Value Pack Scented 150 Ct Total,5
cber,Bumble Bee Solid White Albacore In Water - 5 Oz,1
kdawg,Mike Dave Need Wedding Dates (dvd + Digital),5
mustang,Godzilla 3d Includes Digital Copy Ultraviolet 3d/2d Blu-Ray/dvd,5
pbl1,Clorox Disinfecting Wipes Value Pack Scented 150 Ct Total,5
kittykallie,Clorox Disinfecting Wipes Value Pack Scented 150 Ct Total,5
oreo,Meguiar's Deep Crystal Car Wash 64-Oz.,5
aute8849,Clorox Disinfecting Bathroom Cleaner,5
happydad,Planes: Fire Rescue (2 Discs) (includes Digital Copy) (blu-Ray/dvd),5
kchey,Clorox Disinfecting Bathroom Cleaner,5
prtldy,Nexxus Exxtra Gel Style Creation Sculptor,5
ni2ki,Clorox Disinfecting Wipes Value Pack Scented 150 Ct Total,5
scotty,Delta Single Handle Shower Faucet,5
jamiem,Clorox Disinfecting Wipes Value Pack Scented 150 Ct Total,5
mere5683,Clorox Disinfecting Wipes Value Pack Scented 150 Ct Total,5
prtldy,Nexxus Exxtra Gel Style Creation Sculptor,5
new england,Vaseline Intensive Care Lip Therapy Cocoa Butter,5
island girl,"Avery174 Ready Index Contemporary Table Of Contents Divider, 1-8, Multi, Letter",3
sharvey,Clorox Disinfecting Wipes Value Pack Scented 150 Ct Total,5
the dustbusters,Hoover174 Platinum Collection153 Lightweight Bagged Upright Vacuum With Canister - Uh30010com,5
rosagoldie12,L'or233al Paris Elvive Extraordinary Clay Rebalancing Conditioner - 12.6 Fl Oz,4
hollybygolly,Clorox Disinfecting Wipes Value Pack Scented 150 Ct Total,5
michelle15,Clorox Disinfecting Wipes Value Pack Scented 150 Ct Total,5
pj54,Nexxus Exxtra Gel Style Creation Sculptor,1
cathy,Godzilla 3d Includes Digital Copy Ultraviolet 3d/2d Blu-Ray/dvd,5
chicagojessica,L'or233al Paris Elvive Extraordinary Clay Rebalancing Conditioner - 12.6 Fl Oz,4
sselliott,Clorox Disinfecting Bathroom Cleaner,5
aj1135,Clorox Disinfecting Bathroom Cleaner,5
randy,Arrid Extra Dry Anti-Perspirant Deodorant Spray Regular,5
gemma1959,Clorox Disinfecting Bathroom Cleaner,5
katie13,Clorox Disinfecting Bathroom Cleaner,5
lwinter,Clorox Disinfecting Bathroom Cleaner,5
andrea,Stargate (ws) (ultimate Edition) (director's Cut) (dvdvideo),5
beautiful disaster,Vaseline Intensive Care Lip Therapy Cocoa Butter,5
james,Planes: Fire Rescue (2 Discs) (includes Digital Copy) (blu-Ray/dvd),5
ljb0930,Nexxus Exxtra Gel Style Creation Sculptor,1
rosie,Tai Pei Sweet & Sour Chicken,5
llambert89,L'or233al Paris Elvive Extraordinary Clay Rebalancing Conditioner - 12.6 Fl Oz,3
pammy0106,Clorox Disinfecting Wipes Value Pack Scented 150 Ct Total,5
tjab,Red (special Edition) (dvdvideo),4
anyab,Clorox Disinfecting Wipes Value Pack Scented 150 Ct Total,4
thatguy,Red (special Edition) (dvdvideo),5
floyd,My Big Fat Greek Wedding 2 (blu-Ray + Dvd + Digital),3
cloroxfan1983,Clorox Disinfecting Wipes Value Pack Scented 150 Ct Total,5
cath,My Big Fat Greek Wedding 2 (blu-Ray + Dvd + Digital),5
happymom13685,Clorox Disinfecting Wipes Value Pack Scented 150 Ct Total,5
debbie,Cuisinart174 Electric Juicer - Stainless Steel Cje-1000,5
sandy,Planes: Fire Rescue (2 Discs) (includes Digital Copy) (blu-Ray/dvd),5
dissatisfied,Nexxus Exxtra Gel Style Creation Sculptor,1
stef31,Clorox Disinfecting Wipes Value Pack Scented 150 Ct Total,5
ginny88,Clorox Disinfecting Bathroom Cleaner,5
shorty,Ragu Traditional Pasta Sauce,5
maxwell,Clorox Disinfecting Bathroom Cleaner,5
rick,Red (special Edition) (dvdvideo),5
neto,Mike Dave Need Wedding Dates (dvd + Digital),4
fire213,My Big Fat Greek Wedding 2 (blu-Ray + Dvd + Digital),5
crystal,"Coty Airspun Face Powder, Translucent Extra Coverage",5
ltr450girl,Clorox Disinfecting Wipes Value Pack Scented 150 Ct Total,5
movielover,Planes: Fire Rescue (2 Discs) (includes Digital Copy) (blu-Ray/dvd),5
heather,Moom Express Pre Waxed Strips For Face & Bikini,2
sue,"Avery174 Ready Index Contemporary Table Of Contents Divider, 1-8, Multi, Letter",5
madi,"Burt's Bees Lip Shimmer, Raisin",5
mommapranger,Clorox Disinfecting Wipes Value Pack Scented 150 Ct Total,5
mjhop,L'or233al Paris Elvive Extraordinary Clay Rebalancing Conditioner - 12.6 Fl Oz,4
merg,Clear Scalp & Hair Therapy Total Care Nourishing Shampoo,1
jbnfmly,Clorox Disinfecting Bathroom Cleaner,5
thai,Nexxus Exxtra Gel Style Creation Sculptor,1
sweets,Yes To Carrots Nourishing Body Wash,5
lana248,L'or233al Paris Elvive Extraordinary Clay Rebalancing Conditioner - 12.6 Fl Oz,4
mamastress,"Avery174 Ready Index Contemporary Table Of Contents Divider, 1-8, Multi, Letter",5
hugget,Clorox Disinfecting Wipes Value Pack Scented 150 Ct Total,5
malibuangie,Nexxus Exxtra Gel Style Creation Sculptor,1
michele,Power Crunch Protein Energy Bar Peanut Butter Creme Original,5
cynthia49,Clorox Disinfecting Wipes Value Pack Scented 150 Ct Total,5
stillfa11in,Clorox Disinfecting Wipes Value Pack Scented 150 Ct Total,4
skeeter,Clear Scalp & Hair Therapy Total Care Nourishing Shampoo,2
april,"Pendaflex174 Divide It Up File Folder, Multi Section, Letter, Assorted, 12/pack",4
sup3rmom,Clorox Disinfecting Wipes Value Pack Scented 150 Ct Total,5
d12g,Vaseline Intensive Care Lip Therapy Cocoa Butter,2
beccaruth,Clorox Disinfecting Wipes Value Pack Scented 150 Ct Total,5
andiejo,Clorox Disinfecting Wipes Value Pack Scented 150 Ct Total,5
mary b,Clear Scalp & Hair Therapy Total Care Nourishing Shampoo,5
hodge,Nexxus Exxtra Gel Style Creation Sculptor,1
yucky111,Nexxus Exxtra Gel Style Creation Sculptor,1
andrew,Godzilla 3d Includes Digital Copy Ultraviolet 3d/2d Blu-Ray/dvd,5
robert,Mill Creek Aloe Vera & Paba Lotion,5
johnpennington,Clorox Disinfecting Wipes Value Pack Scented 150 Ct Total,5
pupsi,Godzilla 3d Includes Digital Copy Ultraviolet 3d/2d Blu-Ray/dvd,4
manu71,Clear Scalp & Hair Therapy Total Care Nourishing Shampoo,5
gellis,"Avery174 Ready Index Contemporary Table Of Contents Divider, 1-8, Multi, Letter",5
sxctysix,Clorox Disinfecting Wipes Value Pack Scented 150 Ct Total,5
typist,Clorox Disinfecting Wipes Value Pack Scented 150 Ct Total,5
katwynne,Clorox Disinfecting Bathroom Cleaner,1
santa,Bisquick Original Pancake And Baking Mix - 40oz,5
matt,Godzilla 3d Includes Digital Copy Ultraviolet 3d/2d Blu-Ray/dvd,4
angel,The Resident Evil Collection 5 Discs (blu-Ray),3
lynn,Power Crunch Protein Energy Bar Peanut Butter Creme Original,5
reset,Clorox Disinfecting Wipes Value Pack Scented 150 Ct Total,4
sarahjeangirl,L'or233al Paris Elvive Extraordinary Clay Rebalancing Conditioner - 12.6 Fl Oz,3
tayaktar,L'or233al Paris Elvive Extraordinary Clay Rebalancing Conditioner - 12.6 Fl Oz,4
julie,"Caress Moisturizing Body Bar Natural Silk, 4.75oz",5
peggy,Clorox Disinfecting Wipes Value Pack Scented 150 Ct Total,5
matt,"Pleasant Hearth 1,800 sq ft Wood Burning Stove with Blower, Medium, LWS-127201",4
tooney38,Clorox Disinfecting Bathroom Cleaner,4
sabmar,Clorox Disinfecting Wipes Value Pack Scented 150 Ct Total,5
meredith,Nexxus Exxtra Gel Style Creation Sculptor,1
rissia,Clorox Disinfecting Bathroom Cleaner,5
jpalms,L'or233al Paris Elvive Extraordinary Clay Rebalancing Conditioner - 12.6 Fl Oz,4
kavkiwi,L'or233al Paris Elvive Extraordinary Clay Rebalancing Conditioner - 12.6 Fl Oz,4
rtg313,L'or233al Paris Elvive Extraordinary Clay Rebalancing Conditioner - 12.6 Fl Oz,4
joe s,Nexxus Exxtra Gel Style Creation Sculptor,1
happydad,Planes: Fire Rescue (2 Discs) (includes Digital Copy) (blu-Ray/dvd),5
topaz0502,Clorox Disinfecting Wipes Value Pack Scented 150 Ct Total,5
peanut,Red (special Edition) (dvdvideo),5
rudy,Chester's Cheese Flavored Puffcorn Snacks,5
edgar,Mike Dave Need Wedding Dates (dvd + Digital),2
pauline1,Clorox Disinfecting Wipes Value Pack Scented 150 Ct Total,5
jennifer,Head & Shoulders Classic Clean Conditioner,4
jacksmommy,Clorox Disinfecting Wipes Value Pack Scented 150 Ct Total,5
pjelly,Clorox Disinfecting Bathroom Cleaner,5
holly,"Australian Gold Exotic Blend Lotion, SPF 4",5
joel,Mike Dave Need Wedding Dates (dvd + Digital),5
matth,Godzilla 3d Includes Digital Copy Ultraviolet 3d/2d Blu-Ray/dvd,5
mama2be,Clorox Disinfecting Wipes Value Pack Scented 150 Ct Total,5
kbird31,Clorox Disinfecting Wipes Value Pack Scented 150 Ct Total,4
tony1,Godzilla 3d Includes Digital Copy Ultraviolet 3d/2d Blu-Ray/dvd,5
amishmom,Windex Original Glass Cleaner Refill 67.6oz (2 Liter),4
meriganadesigns,Clorox Disinfecting Bathroom Cleaner,5
mums,Clorox Disinfecting Bathroom Cleaner,5
great,Chobani174 Strawberry On The Bottom Non-Fat Greek Yogurt - 5.3oz,4
nate,Planes: Fire Rescue (2 Discs) (includes Digital Copy) (blu-Ray/dvd),5
lpritchard,Clorox Disinfecting Wipes Value Pack Scented 150 Ct Total,5
disappointed,Tostitos Bite Size Tortilla Chips,2
holly15,Clorox Disinfecting Wipes Value Pack Scented 150 Ct Total,5
lo728,L'or233al Paris Elvive Extraordinary Clay Rebalancing Conditioner - 12.6 Fl Oz,3
chuck,Godzilla 3d Includes Digital Copy Ultraviolet 3d/2d Blu-Ray/dvd,4
ayterrazas,Clorox Disinfecting Bathroom Cleaner,4
momz,Hoover174 Platinum Collection153 Lightweight Bagged Upright Vacuum With Canister - Uh30010com,5
ldlccm,Clorox Disinfecting Bathroom Cleaner,5
josh,Godzilla 3d Includes Digital Copy Ultraviolet 3d/2d Blu-Ray/dvd,5
jackndbox,Clorox Disinfecting Wipes Value Pack Scented 150 Ct Total,2
state,Clorox Disinfecting Bathroom Cleaner,5
maddened,Hoover174 Platinum Collection153 Lightweight Bagged Upright Vacuum With Canister - Uh30010com,1
fatz,Clorox Disinfecting Wipes Value Pack Scented 150 Ct Total,5
kris,"Pendaflex174 Divide It Up File Folder, Multi Section, Letter, Assorted, 12/pack",4
treese,Diet Canada Dry Ginger Ale - 12pk/12 Fl Oz Cans,4
wendy,"Pendaflex174 Divide It Up File Folder, Multi Section, Letter, Assorted, 12/pack",3
susan1,Clear Scalp & Hair Therapy Total Care Nourishing Shampoo,1
mommy,SC Johnson One Step No Buff Wax,5
maverick,My Big Fat Greek Wedding 2 (blu-Ray + Dvd + Digital),5
griffinwolf2008,L'or233al Paris Elvive Extraordinary Clay Rebalancing Conditioner - 12.6 Fl Oz,4
savingya,Clorox Disinfecting Bathroom Cleaner,5
darianator93,Clorox Disinfecting Wipes Value Pack Scented 150 Ct Total,5
bluefox,"Avery174 Ready Index Contemporary Table Of Contents Divider, 1-8, Multi, Letter",5
sidrag,Clorox Disinfecting Wipes Value Pack Scented 150 Ct Total,5
james,Meguiar's Ultimate Quik Detailer 22-Oz.,5
dawnie66,Clorox Disinfecting Bathroom Cleaner,5
gbowe,Clorox Disinfecting Wipes Value Pack Scented 150 Ct Total,5
mywilson1,Clorox Disinfecting Wipes Value Pack Scented 150 Ct Total,5
lorandal,Clorox Disinfecting Wipes Value Pack Scented 150 Ct Total,5
jerridiane,Clorox Disinfecting Bathroom Cleaner,5
connie36,Clorox Disinfecting Wipes Value Pack Scented 150 Ct Total,5
nicollet,L'or233al Paris Elvive Extraordinary Clay Rebalancing Conditioner - 12.6 Fl Oz,3
cami,Godzilla 3d Includes Digital Copy Ultraviolet 3d/2d Blu-Ray/dvd,5
clorox27,Clorox Disinfecting Wipes Value Pack Scented 150 Ct Total,5
tdh51677,Clorox Disinfecting Bathroom Cleaner,5
annie,"Super Poligrip Denture Adhesive Cream, Ultra Fresh - 2.4 Oz",4
beverly,Meguiar's Deep Crystal Car Wash 64-Oz.,4
kelron,Clorox Disinfecting Bathroom Cleaner,5
james1000,Clorox Disinfecting Wipes Value Pack Scented 150 Ct Total,5
cowboy,"Simple Green All-Purpose Cleaner, 16oz",5
bbjj,Clorox Disinfecting Wipes Value Pack Scented 150 Ct Total,5
erh82,"Aveeno Baby Continuous Protection Lotion Sunscreen with Broad Spectrum SPF 55, 4oz",1
kara,My Big Fat Greek Wedding 2 (blu-Ray + Dvd + Digital),5
jennie_dc,L'or233al Paris Elvive Extraordinary Clay Rebalancing Conditioner - 12.6 Fl Oz,4
hope04280312,Clorox Disinfecting Wipes Value Pack Scented 150 Ct Total,5
peachesq,Nexxus Exxtra Gel Style Creation Sculptor,1
petals66,Olay Regenerist Deep Hydration Regenerating Cream,5
emily,Tostitos Bite Size Tortilla Chips,5
rusty,"Pleasant Hearth 7.5 Steel Grate, 30 5 Bar - Black",5
dmobley,Clorox Disinfecting Bathroom Cleaner,5
halley07,L'or233al Paris Elvive Extraordinary Clay Rebalancing Conditioner - 12.6 Fl Oz,4
disappointed,Clorox Disinfecting Bathroom Cleaner,3
paz349,"Pleasant Hearth 1,800 sq ft Wood Burning Stove with Blower, Medium, LWS-127201",1
catherine4155,Clorox Disinfecting Wipes Value Pack Scented 150 Ct Total,5
turtleboy,Clorox Disinfecting Wipes Value Pack Scented 150 Ct Total,5
angela,Clorox Disinfecting Wipes Value Pack Scented 150 Ct Total,5
mary,Tostitos Bite Size Tortilla Chips,5
julie,"The Seaweed Bath Co. Argan Conditioner, Smoothing Citrus",3
scott,My Big Fat Greek Wedding 2 (blu-Ray + Dvd + Digital),5
cajw,Clorox Disinfecting Bathroom Cleaner,5
todd,Planes: Fire Rescue (2 Discs) (includes Digital Copy) (blu-Ray/dvd),5
michael,Planes: Fire Rescue (2 Discs) (includes Digital Copy) (blu-Ray/dvd),4
bakie,Clorox Disinfecting Bathroom Cleaner,5
trcvngrn,Clorox Disinfecting Bathroom Cleaner,5
shopsalot505,"Lysol Concentrate Deodorizing Cleaner, Original Scent",4
pete,The Resident Evil Collection 5 Discs (blu-Ray),5
vicki,"Avery174 Ready Index Contemporary Table Of Contents Divider, 1-8, Multi, Letter",5
missy483,Clorox Disinfecting Wipes Value Pack Scented 150 Ct Total,5
clnhse,Clorox Disinfecting Wipes Value Pack Scented 150 Ct Total,5
michael,"Way Basics 3-Shelf Eco Narrow Bookcase Storage Shelf, Espresso - Formaldehyde Free - Lifetime Guarantee",5
creaturee2,Godzilla 3d Includes Digital Copy Ultraviolet 3d/2d Blu-Ray/dvd,5
kharris,Clorox Disinfecting Wipes Value Pack Scented 150 Ct Total,5
sandra,Windex Original Glass Cleaner Refill 67.6oz (2 Liter),5
freakydarling,Planes: Fire Rescue (2 Discs) (includes Digital Copy) (blu-Ray/dvd),5
pedersenhome,Clorox Disinfecting Wipes Value Pack Scented 150 Ct Total,5
mack,Nexxus Exxtra Gel Style Creation Sculptor,1
dbarne13,Godzilla 3d Includes Digital Copy Ultraviolet 3d/2d Blu-Ray/dvd,5
jab522,Clorox Disinfecting Bathroom Cleaner,5
hair gel user,Nexxus Exxtra Gel Style Creation Sculptor,1
james,Tostitos Bite Size Tortilla Chips,5
kkaboodles,Clorox Disinfecting Wipes Value Pack Scented 150 Ct Total,5
donna,"Colorganics Lipstick, Cayenne",4
blue,Mike Dave Need Wedding Dates (dvd + Digital),5
goofy4prez,Clorox Disinfecting Wipes Value Pack Scented 150 Ct Total,5
wise,Clorox Disinfecting Bathroom Cleaner,4
jack,Romantic Drama: Greatest Classic Films Collection 2 Discs,5
melanie,Planes: Fire Rescue (2 Discs) (includes Digital Copy) (blu-Ray/dvd),5
mike,"Banana Boat Sunless Summer Color Self Tanning Lotion, Light To Medium",5
electrotnicjunky,Planes: Fire Rescue (2 Discs) (includes Digital Copy) (blu-Ray/dvd),5
janddwhipple,Clorox Disinfecting Wipes Value Pack Scented 150 Ct Total,5
bsolheim9,Clorox Disinfecting Wipes Value Pack Scented 150 Ct Total,5
yorkielvr,Clorox Disinfecting Wipes Value Pack Scented 150 Ct Total,5
rebecca,Olay Regenerist Deep Hydration Regenerating Cream,5
beautymaven,L'or233al Paris Elvive Extraordinary Clay Rebalancing Conditioner - 12.6 Fl Oz,4
kbrown2384,Clear Scalp & Hair Therapy Total Care Nourishing Shampoo,5
texasmomma7899,Clorox Disinfecting Wipes Value Pack Scented 150 Ct Total,5
tony,Clorox Disinfecting Bathroom Cleaner,5
karel,Nexxus Exxtra Gel Style Creation Sculptor,1
shay88,Clorox Disinfecting Wipes Value Pack Scented 150 Ct Total,5
mich,Chex Muddy Buddies Brownie Supreme Snack Mix,5
vc13,Nexxus Exxtra Gel Style Creation Sculptor,1
jayce,Clorox Disinfecting Wipes Value Pack Scented 150 Ct Total,5
akesler19,Clorox Disinfecting Wipes Value Pack Scented 150 Ct Total,4
cass,Clorox Disinfecting Bathroom Cleaner,1
meg25,Clear Scalp & Hair Therapy Total Care Nourishing Shampoo,1
bluebox,Planes: Fire Rescue (2 Discs) (includes Digital Copy) (blu-Ray/dvd),4
guy 2,Nexxus Exxtra Gel Style Creation Sculptor,1
tisha9878,Clorox Disinfecting Wipes Value Pack Scented 150 Ct Total,5
shofis82,Clorox Disinfecting Bathroom Cleaner,5
mary123,L'or233al Paris Elvive Extraordinary Clay Rebalancing Conditioner - 12.6 Fl Oz,4
mtriesnewthings,L'or233al Paris Elvive Extraordinary Clay Rebalancing Conditioner - 12.6 Fl Oz,4
cyndi,Kind Dark Chocolate Chunk Gluten Free Granola Bars - 5 Count,5
neto,Mike Dave Need Wedding Dates (dvd + Digital),4
balvarado1970,Clorox Disinfecting Bathroom Cleaner,5
thetank,Nexxus Exxtra Gel Style Creation Sculptor,1
vyph,L'or233al Paris Elvive Extraordinary Clay Rebalancing Conditioner - 12.6 Fl Oz,4
jill,Clorox Disinfecting Wipes Value Pack Scented 150 Ct Total,5
skispeech,Clorox Disinfecting Wipes Value Pack Scented 150 Ct Total,4
pat65,"Aveeno Baby Continuous Protection Lotion Sunscreen with Broad Spectrum SPF 55, 4oz",1
amber,"Shea Moisture Mango & Carrot Kids Extra-Nourishing Conditioner, 8fl Oz",5
abc,The Script - No Sound Without Silence (cd),5
wendy,"Coty Airspun Face Powder, Translucent Extra Coverage",5
foxy,L'or233al Paris Elvive Extraordinary Clay Rebalancing Conditioner - 12.6 Fl Oz,4
champ,Mike Dave Need Wedding Dates (dvd + Digital),5
toshcal,L'or233al Paris Elvive Extraordinary Clay Rebalancing Conditioner - 12.6 Fl Oz,4
joey,Clear Scalp & Hair Therapy Total Care Nourishing Shampoo,5
jazzyone,The Resident Evil Collection 5 Discs (blu-Ray),5
me123,Clear Scalp & Hair Therapy Total Care Nourishing Shampoo,1
luvmovies,Godzilla 3d Includes Digital Copy Ultraviolet 3d/2d Blu-Ray/dvd,4
andy,Hoover174 Platinum Collection153 Lightweight Bagged Upright Vacuum With Canister - Uh30010com,4
denise22,Hoover174 Platinum Collection153 Lightweight Bagged Upright Vacuum With Canister - Uh30010com,5
tati2015,Clorox Disinfecting Wipes Value Pack Scented 150 Ct Total,5
sleepymom,Clorox Disinfecting Bathroom Cleaner,4
lsheffie,Vaseline Intensive Care Lip Therapy Cocoa Butter,5
kris,Clorox Disinfecting Bathroom Cleaner,5
neighha,L'or233al Paris Elvive Extraordinary Clay Rebalancing Conditioner - 12.6 Fl Oz,1
none,Leslie Sansone:Belly Blasting Walk (dvd),4
robin,Power Crunch Protein Energy Bar Peanut Butter Creme Original,5
jan,Hoover174 Platinum Collection153 Lightweight Bagged Upright Vacuum With Canister - Uh30010com,4
jayme,Clorox Disinfecting Wipes Value Pack Scented 150 Ct Total,4
katy,Clear Scalp & Hair Therapy Total Care Nourishing Shampoo,4
momof3boys,Mike Dave Need Wedding Dates (dvd + Digital),5
ashsmash,Clorox Disinfecting Wipes Value Pack Scented 150 Ct Total,5
swandive,The Resident Evil Collection 5 Discs (blu-Ray),5
lissab,Clorox Disinfecting Bathroom Cleaner,4
kelly,Mike Dave Need Wedding Dates (dvd + Digital),5
missy,Mike Dave Need Wedding Dates (dvd + Digital),5
michelle,The Resident Evil Collection 5 Discs (blu-Ray),5
mary,"Pendaflex174 Divide It Up File Folder, Multi Section, Letter, Assorted, 12/pack",4
george,My Big Fat Greek Wedding 2 (blu-Ray + Dvd + Digital),4
britt,Clorox Disinfecting Wipes Value Pack Scented 150 Ct Total,5
jonathan,The Resident Evil Collection 5 Discs (blu-Ray),5
easybreezey,Clorox Disinfecting Wipes Value Pack Scented 150 Ct Total,5
jlynn721,L'or233al Paris Elvive Extraordinary Clay Rebalancing Conditioner - 12.6 Fl Oz,4
michaelo,Godzilla 3d Includes Digital Copy Ultraviolet 3d/2d Blu-Ray/dvd,4
kik1202,Clear Scalp & Hair Therapy Total Care Nourishing Shampoo,5
annalou75,Clorox Disinfecting Wipes Value Pack Scented 150 Ct Total,5
whome,My Big Fat Greek Wedding 2 (blu-Ray + Dvd + Digital),2
jakbr,Clorox Disinfecting Bathroom Cleaner,5
rainey4pres,L'or233al Paris Elvive Extraordinary Clay Rebalancing Conditioner - 12.6 Fl Oz,4
josh,Mike Dave Need Wedding Dates (dvd + Digital),5
smemily,"Aveeno Baby Continuous Protection Lotion Sunscreen with Broad Spectrum SPF 55, 4oz",1
jamiem,Clorox Disinfecting Bathroom Cleaner,5
cleansmells,Clorox Disinfecting Bathroom Cleaner,5
cowboy,Jason Aldean - They Don't Know,5
teecherbabe,Clorox Disinfecting Wipes Value Pack Scented 150 Ct Total,5
redhead,Ragu Roasted Garlic Parmesan Pasta Sauce,5
kendras,L'or233al Paris Elvive Extraordinary Clay Rebalancing Conditioner - 12.6 Fl Oz,4
bri_tairi,Clear Scalp & Hair Therapy Total Care Nourishing Shampoo,1
jjjjjjj,Clorox Disinfecting Wipes Value Pack Scented 150 Ct Total,5
katdean,Clorox Disinfecting Wipes Value Pack Scented 150 Ct Total,5
krhl,Clorox Disinfecting Bathroom Cleaner,5
karmademoya,L'or233al Paris Elvive Extraordinary Clay Rebalancing Conditioner - 12.6 Fl Oz,4
kitty kat,Vaseline Intensive Care Lip Therapy Cocoa Butter,5
semaria,Hollywood Beauty Olive Cholesterol,5
rgarza,Clorox Disinfecting Bathroom Cleaner,5
christal85,Clorox Disinfecting Wipes Value Pack Scented 150 Ct Total,4
mimi,Tostitos Simply Blue Corn Tortilla Chips,5
patty,"Lysol Concentrate Deodorizing Cleaner, Original Scent",5
john,Planes: Fire Rescue (2 Discs) (includes Digital Copy) (blu-Ray/dvd),5
toni,The Resident Evil Collection 5 Discs (blu-Ray),5
pete100,Clorox Disinfecting Bathroom Cleaner,5
tina,Orajel Maximum Strength Toothache Pain Relief Liquid,5
rachael,"Physicians Formula Powder Palette Mineral Glow Pearls, Translucent Pearl",2
byamazon customer,"Lundberg Wehani Rice, 25lb",5
jeanne,Godzilla 3d Includes Digital Copy Ultraviolet 3d/2d Blu-Ray/dvd,4
totesaddicted,L'or233al Paris Elvive Extraordinary Clay Rebalancing Conditioner - 12.6 Fl Oz,4
meme,Planes: Fire Rescue (2 Discs) (includes Digital Copy) (blu-Ray/dvd),4
happy,Bisquick Original Pancake And Baking Mix - 40oz,5
kathie,Clorox Disinfecting Bathroom Cleaner,5
laura5151,L'or233al Paris Elvive Extraordinary Clay Rebalancing Conditioner - 12.6 Fl Oz,4
mike,Feit 60-Watt A19 Gu24 Base Led Light Bulb - Soft White,1
marty,Windex Original Glass Cleaner Refill 67.6oz (2 Liter),5
bob,Windex Original Glass Cleaner Refill 67.6oz (2 Liter),5
beth,Clorox Disinfecting Wipes Value Pack Scented 150 Ct Total,5
rsmithhyv,Godzilla 3d Includes Digital Copy Ultraviolet 3d/2d Blu-Ray/dvd,4
mj,Windex Original Glass Cleaner Refill 67.6oz (2 Liter),1
lfitzpat,Clorox Disinfecting Wipes Value Pack Scented 150 Ct Total,5
reyno,Clorox Disinfecting Wipes Value Pack Scented 150 Ct Total,4
ldoubltg,Clear Scalp & Hair Therapy Total Care Nourishing Shampoo,4
cristyleigh,Clorox Disinfecting Wipes Value Pack Scented 150 Ct Total,5
brandy04,Clorox Disinfecting Wipes Value Pack Scented 150 Ct Total,5
crystal,Planes: Fire Rescue (2 Discs) (includes Digital Copy) (blu-Ray/dvd),5
debby13,Clorox Disinfecting Bathroom Cleaner,5
shelly54,Clorox Disinfecting Bathroom Cleaner,4
jmoney,Godzilla 3d Includes Digital Copy Ultraviolet 3d/2d Blu-Ray/dvd,4
danigirl2525,Clorox Disinfecting Wipes Value Pack Scented 150 Ct Total,5
mibarra331,Clorox Disinfecting Wipes Value Pack Scented 150 Ct Total,5
mrsb,Godzilla 3d Includes Digital Copy Ultraviolet 3d/2d Blu-Ray/dvd,5
dls77,Godzilla 3d Includes Digital Copy Ultraviolet 3d/2d Blu-Ray/dvd,5
evecoup,Clorox Disinfecting Wipes Value Pack Scented 150 Ct Total,5
theresa79,Clorox Disinfecting Wipes Value Pack Scented 150 Ct Total,5
erica55,Nexxus Exxtra Gel Style Creation Sculptor,1
renkev,Godzilla 3d Includes Digital Copy Ultraviolet 3d/2d Blu-Ray/dvd,5
moviefan,Godzilla 3d Includes Digital Copy Ultraviolet 3d/2d Blu-Ray/dvd,4
jayjay,Stargate (ws) (ultimate Edition) (director's Cut) (dvdvideo),4
hidbeauty,L'or233al Paris Elvive Extraordinary Clay Rebalancing Conditioner - 12.6 Fl Oz,4
willy,"Just For Men Touch Of Gray Gray Hair Treatment, Black T-55",5
wildman,Pleasant Hearth Diamond Fireplace Screen - Espresso,5
bblack,Clorox Disinfecting Wipes Value Pack Scented 150 Ct Total,5
thai,The Resident Evil Collection 5 Discs (blu-Ray),5
kels1224,L'or233al Paris Elvive Extraordinary Clay Rebalancing Conditioner - 12.6 Fl Oz,4
easy,"Lysol Concentrate Deodorizing Cleaner, Original Scent",5
briley,Clorox Disinfecting Wipes Value Pack Scented 150 Ct Total,5
mack,Hoover174 Platinum Collection153 Lightweight Bagged Upright Vacuum With Canister - Uh30010com,5
thebeast13,Clorox Disinfecting Wipes Value Pack Scented 150 Ct Total,5
staclove,Clorox Disinfecting Wipes Value Pack Scented 150 Ct Total,5
moviefan,Planes: Fire Rescue (2 Discs) (includes Digital Copy) (blu-Ray/dvd),4
wizard,Clorox Disinfecting Bathroom Cleaner,5
cleahy,L'or233al Paris Elvive Extraordinary Clay Rebalancing Conditioner - 12.6 Fl Oz,4
joeb,Stargate (ws) (ultimate Edition) (director's Cut) (dvdvideo),5
cookie,Nexxus Exxtra Gel Style Creation Sculptor,1
redd,Clorox Disinfecting Bathroom Cleaner,4
sleestak50,100:Complete First Season (blu-Ray),5
kate,Progresso Traditional Chicken Tuscany Soup,1
beth,My Big Fat Greek Wedding 2 (blu-Ray + Dvd + Digital),5
mikel,Godzilla 3d Includes Digital Copy Ultraviolet 3d/2d Blu-Ray/dvd,4
maggie,SC Johnson One Step No Buff Wax,5
snoopyj29,Clorox Disinfecting Wipes Value Pack Scented 150 Ct Total,5
gcgirl,Clear Scalp & Hair Therapy Total Care Nourishing Shampoo,5
kurt,Scooby Doo And The Loch Ness Monster (blu-Ray),4
rogue,Godzilla 3d Includes Digital Copy Ultraviolet 3d/2d Blu-Ray/dvd,4
beavis,Nexxus Exxtra Gel Style Creation Sculptor,1
chicosbrat6,Clorox Disinfecting Bathroom Cleaner,5
rea3,Clorox Disinfecting Wipes Value Pack Scented 150 Ct Total,4
sandy,Pantene Pro-V Expert Collection Age Defy Conditioner,5
gtech,Planes: Fire Rescue (2 Discs) (includes Digital Copy) (blu-Ray/dvd),4
bobo,My Big Fat Greek Wedding 2 (blu-Ray + Dvd + Digital),4
mbrunello1,Clear Scalp & Hair Therapy Total Care Nourishing Shampoo,4
simplysarah,Clorox Disinfecting Wipes Value Pack Scented 150 Ct Total,5
miller71,Clorox Disinfecting Wipes Value Pack Scented 150 Ct Total,5
jodiek,Clorox Disinfecting Wipes Value Pack Scented 150 Ct Total,5
sornum4,Clorox Disinfecting Wipes Value Pack Scented 150 Ct Total,5
deb1023,Clorox Disinfecting Wipes Value Pack Scented 150 Ct Total,5
mcdon22,Clorox Disinfecting Wipes Value Pack Scented 150 Ct Total,5
jess,Mike Dave Need Wedding Dates (dvd + Digital),5
ginnyd,Nexxus Exxtra Gel Style Creation Sculptor,5
dkays02,Clorox Disinfecting Bathroom Cleaner,5
patti,Power Crunch Protein Energy Bar Peanut Butter Creme Original,1
tenaj842,L'or233al Paris Elvive Extraordinary Clay Rebalancing Conditioner - 12.6 Fl Oz,4
gamerguy,100:Complete First Season (blu-Ray),5
danielle,My Big Fat Greek Wedding 2 (blu-Ray + Dvd + Digital),5
happymom47,Clorox Disinfecting Wipes Value Pack Scented 150 Ct Total,5
carls,Dark Shadows (includes Digital Copy) (ultraviolet) (dvdvideo),5
bhere4u,Clorox Disinfecting Wipes Value Pack Scented 150 Ct Total,5
synoptic 12,Meguiar's Deep Crystal Car Wash 64-Oz.,5
boardwalkempire,Sopranos:Season 6 Part 1 (blu-Ray),5
danny,Godzilla 3d Includes Digital Copy Ultraviolet 3d/2d Blu-Ray/dvd,2
arob,Godzilla 3d Includes Digital Copy Ultraviolet 3d/2d Blu-Ray/dvd,5
norbey,Clorox Disinfecting Wipes Value Pack Scented 150 Ct Total,5
amy77,Clorox Disinfecting Wipes Value Pack Scented 150 Ct Total,5
katdean,Clorox Disinfecting Bathroom Cleaner,5
squirrel,Chips Ahoy! Original Chocolate Chip - Cookies - Family Size 18.2oz,5
viviln,L'or233al Paris Elvive Extraordinary Clay Rebalancing Conditioner - 12.6 Fl Oz,3
sammy,Wagan Smartac 80watt Inverter With Usb,4
margie,"Avery174 Ready Index Contemporary Table Of Contents Divider, 1-8, Multi, Letter",5
kathryn,Clorox Disinfecting Wipes Value Pack Scented 150 Ct Total,4
jojo,My Big Fat Greek Wedding 2 (blu-Ray + Dvd + Digital),5
faceman69,Planes: Fire Rescue (2 Discs) (includes Digital Copy) (blu-Ray/dvd),5
jgwrmw,Clorox Disinfecting Wipes Value Pack Scented 150 Ct Total,5
ltccw,Red (special Edition) (dvdvideo),5
bullhorn,Planes: Fire Rescue (2 Discs) (includes Digital Copy) (blu-Ray/dvd),4
nina,"Coty Airspun Face Powder, Translucent Extra Coverage",5
beth7557,Clorox Disinfecting Bathroom Cleaner,5
kikidb,L'or233al Paris Elvive Extraordinary Clay Rebalancing Conditioner - 12.6 Fl Oz,4
xmom,Clorox Disinfecting Bathroom Cleaner,5
broje,Clorox Disinfecting Bathroom Cleaner,5
4cloroxl,Clorox Disinfecting Wipes Value Pack Scented 150 Ct Total,5
none,Ragu Roasted Garlic Parmesan Pasta Sauce,5
lipssssss,Vaseline Intensive Care Lip Therapy Cocoa Butter,4
mikik2008,Clorox Disinfecting Wipes Value Pack Scented 150 Ct Total,5
gummybearmommy,Pantene Pro-V Expert Collection Age Defy Conditioner,5
sarah1978,Clorox Disinfecting Wipes Value Pack Scented 150 Ct Total,5
rabbit,Nexxus Exxtra Gel Style Creation Sculptor,1
kate19,L'or233al Paris Elvive Extraordinary Clay Rebalancing Conditioner - 12.6 Fl Oz,4
jenny7480,Clorox Disinfecting Bathroom Cleaner,5
snapit27,Clorox Disinfecting Wipes Value Pack Scented 150 Ct Total,5
pradaprincess,Clorox Disinfecting Wipes Value Pack Scented 150 Ct Total,5
milad23491,L'or233al Paris Elvive Extraordinary Clay Rebalancing Conditioner - 12.6 Fl Oz,3
curls,Nexxus Exxtra Gel Style Creation Sculptor,1
adriana9999,Clorox Disinfecting Wipes Value Pack Scented 150 Ct Total,5
paigex24,Clorox Disinfecting Wipes Value Pack Scented 150 Ct Total,5
loretta11111,Clorox Disinfecting Bathroom Cleaner,5
lisag537,Clorox Disinfecting Wipes Value Pack Scented 150 Ct Total,5
jesse,Jason Aldean - They Don't Know,5
lazer,Planes: Fire Rescue (2 Discs) (includes Digital Copy) (blu-Ray/dvd),5
mak_reviews,L'or233al Paris Elvive Extraordinary Clay Rebalancing Conditioner - 12.6 Fl Oz,4
angela,There's Something About Mary (dvd),4
chris,"WeatherTech 40647 14-15 Outlander Cargo Liners Behind 2nd Row, Black",5
island girl,Nexxus Exxtra Gel Style Creation Sculptor,1
marti,Red (special Edition) (dvdvideo),5
sharon,Tostitos Bite Size Tortilla Chips,5
kris,Chester's Cheese Flavored Puffcorn Snacks,5
cw06,Clorox Disinfecting Wipes Value Pack Scented 150 Ct Total,5
jody,Godzilla 3d Includes Digital Copy Ultraviolet 3d/2d Blu-Ray/dvd,5
smorrison,L'or233al Paris Elvive Extraordinary Clay Rebalancing Conditioner - 12.6 Fl Oz,3
beanie,"Avery174 Ready Index Contemporary Table Of Contents Divider, 1-8, Multi, Letter",5
alena125,Vaseline Intensive Care Lip Therapy Cocoa Butter,4
lascouponer,Clorox Disinfecting Wipes Value Pack Scented 150 Ct Total,5
bonniebrooks,Clorox Disinfecting Wipes Value Pack Scented 150 Ct Total,5
dadof2b1g,Mike Dave Need Wedding Dates (dvd + Digital),4
skwr,Nexxus Exxtra Gel Style Creation Sculptor,1
lsarley,Clorox Disinfecting Wipes Value Pack Scented 150 Ct Total,5
magieo,L'or233al Paris Elvive Extraordinary Clay Rebalancing Conditioner - 12.6 Fl Oz,4
wren113,Clear Scalp & Hair Therapy Total Care Nourishing Shampoo,1
ladyboss24,Clorox Disinfecting Wipes Value Pack Scented 150 Ct Total,5
francis,Red (special Edition) (dvdvideo),5
n71hinojosa,Clorox Disinfecting Wipes Value Pack Scented 150 Ct Total,5
mark,Planes: Fire Rescue (2 Discs) (includes Digital Copy) (blu-Ray/dvd),5
michael,The Resident Evil Collection 5 Discs (blu-Ray),5
designit24,Nexxus Exxtra Gel Style Creation Sculptor,1
nick,Godzilla 3d Includes Digital Copy Ultraviolet 3d/2d Blu-Ray/dvd,4
navydocwife,L'or233al Paris Elvive Extraordinary Clay Rebalancing Conditioner - 12.6 Fl Oz,4
mikal,100:Complete First Season (blu-Ray),5
rusty,Jason Aldean - They Don't Know,5
irene50,Clorox Disinfecting Wipes Value Pack Scented 150 Ct Total,5
sammy,Godzilla 3d Includes Digital Copy Ultraviolet 3d/2d Blu-Ray/dvd,4
sr1111,Clorox Disinfecting Wipes Value Pack Scented 150 Ct Total,4
neesy,"Burt's Bees Lip Shimmer, Raisin",5
byamazon customer,"Lundberg Wehani Rice, 25lb",4
aj1135,Clorox Disinfecting Wipes Value Pack Scented 150 Ct Total,5
denisem,L'or233al Paris Elvive Extraordinary Clay Rebalancing Conditioner - 12.6 Fl Oz,4
brian,Various - Red Hot Blue:Tribute To Cole Porter (cd),5
batman,Godzilla 3d Includes Digital Copy Ultraviolet 3d/2d Blu-Ray/dvd,5
abret,Clorox Disinfecting Bathroom Cleaner,4
linaka,Clear Scalp & Hair Therapy Total Care Nourishing Shampoo,5
millie,Clorox Disinfecting Wipes Value Pack Scented 150 Ct Total,5
gold62,Clorox Disinfecting Bathroom Cleaner,5
nanabanana,Olay Regenerist Deep Hydration Regenerating Cream,5
jimmybuffett1,Planes: Fire Rescue (2 Discs) (includes Digital Copy) (blu-Ray/dvd),5
beth,Red (special Edition) (dvdvideo),5
clubpeck,Clorox Disinfecting Wipes Value Pack Scented 150 Ct Total,5
shirl0521,Clorox Disinfecting Wipes Value Pack Scented 150 Ct Total,5
homer1,Clorox Disinfecting Bathroom Cleaner,5
samy77,Clorox Disinfecting Bathroom Cleaner,5
christina429usc,Nexxus Exxtra Gel Style Creation Sculptor,1
buster,The Resident Evil Collection 5 Discs (blu-Ray),5
rhz,Windex Original Glass Cleaner Refill 67.6oz (2 Liter),5
mamamd,Clorox Disinfecting Wipes Value Pack Scented 150 Ct Total,5
darianator93,Clorox Disinfecting Wipes Value Pack Scented 150 Ct Total,5
cahy,Nexxus Exxtra Gel Style Creation Sculptor,1
nata,Clorox Disinfecting Wipes Value Pack Scented 150 Ct Total,5
dehbie,Sopranos:Season 6 Part 1 (blu-Ray),5
michael,Red (special Edition) (dvdvideo),5
chris,Godzilla 3d Includes Digital Copy Ultraviolet 3d/2d Blu-Ray/dvd,5
frankie,Clorox Disinfecting Wipes Value Pack Scented 150 Ct Total,5
zebras,Clorox Disinfecting Wipes Value Pack Scented 150 Ct Total,5
cjhays,Clorox Disinfecting Wipes Value Pack Scented 150 Ct Total,5
singlemombeauty,L'or233al Paris Elvive Extraordinary Clay Rebalancing Conditioner - 12.6 Fl Oz,4
georgie,"Just For Men Touch Of Gray Gray Hair Treatment, Black T-55",5
brad,Godzilla 3d Includes Digital Copy Ultraviolet 3d/2d Blu-Ray/dvd,5
kat01234,Clorox Disinfecting Bathroom Cleaner,5
pbjfraley,Clear Scalp & Hair Therapy Total Care Nourishing Shampoo,1
gatitata,Clorox Disinfecting Bathroom Cleaner,5
mari,"Caress Moisturizing Body Bar Natural Silk, 4.75oz",5
athenabear,Vaseline Intensive Care Lip Therapy Cocoa Butter,5
judith,Cars Toon: Mater's Tall Tales,5
diana,"Pendaflex174 Divide It Up File Folder, Multi Section, Letter, Assorted, 12/pack",5
linc488,Clear Scalp & Hair Therapy Total Care Nourishing Shampoo,5
stacy,Mrs. Meyer's174 Lemon Verbena Laundry Scent Booster - 18oz,5
thedoctor,Godzilla 3d Includes Digital Copy Ultraviolet 3d/2d Blu-Ray/dvd,5
rick,Clorox Disinfecting Wipes Value Pack Scented 150 Ct Total,5
jules,Chex Muddy Buddies Brownie Supreme Snack Mix,5
cheryl,Chobani174 Strawberry On The Bottom Non-Fat Greek Yogurt - 5.3oz,5
adizzione,Clear Scalp & Hair Therapy Total Care Nourishing Shampoo,5
mars88,Clorox Disinfecting Wipes Value Pack Scented 150 Ct Total,5
cate1,Clorox Disinfecting Wipes Value Pack Scented 150 Ct Total,5
daffodil,Clear Scalp & Hair Therapy Total Care Nourishing Shampoo,1
tiaalese,L'or233al Paris Elvive Extraordinary Clay Rebalancing Conditioner - 12.6 Fl Oz,4
leader67,Clorox Disinfecting Wipes Value Pack Scented 150 Ct Total,5
mikesa,Nexxus Exxtra Gel Style Creation Sculptor,1
lori,Tostitos Bite Size Tortilla Chips,4
byamazon customer,"Aveeno Baby Continuous Protection Lotion Sunscreen with Broad Spectrum SPF 55, 4oz",5
linda,Windex Original Glass Cleaner Refill 67.6oz (2 Liter),5
alisonr,Clear Scalp & Hair Therapy Total Care Nourishing Shampoo,4
itsme,"Hormel Chili, No Beans",5
kimberlyp721,L'or233al Paris Elvive Extraordinary Clay Rebalancing Conditioner - 12.6 Fl Oz,1
guznnar,Red (special Edition) (dvdvideo),5
louie,Godzilla 3d Includes Digital Copy Ultraviolet 3d/2d Blu-Ray/dvd,5
greggery,Stargate (ws) (ultimate Edition) (director's Cut) (dvdvideo),5
cynthia,Godzilla 3d Includes Digital Copy Ultraviolet 3d/2d Blu-Ray/dvd,4
sddsj,Nexxus Exxtra Gel Style Creation Sculptor,1
oklahomaannie,"Avery174 Ready Index Contemporary Table Of Contents Divider, 1-8, Multi, Letter",5
scott,Godzilla 3d Includes Digital Copy Ultraviolet 3d/2d Blu-Ray/dvd,4
mecarpenter,L'or233al Paris Elvive Extraordinary Clay Rebalancing Conditioner - 12.6 Fl Oz,4
mbentivegna,Clorox Disinfecting Bathroom Cleaner,5
mimi671,Clorox Disinfecting Wipes Value Pack Scented 150 Ct Total,5
movieperson825,The Resident Evil Collection 5 Discs (blu-Ray),5
elway82,Godzilla 3d Includes Digital Copy Ultraviolet 3d/2d Blu-Ray/dvd,4
mark,"The Seaweed Bath Co. Argan Conditioner, Smoothing Citrus",5
southernnights,Clorox Disinfecting Wipes Value Pack Scented 150 Ct Total,5
rubigmf3,L'or233al Paris Elvive Extraordinary Clay Rebalancing Conditioner - 12.6 Fl Oz,4
angiesmessykids,Clorox Disinfecting Wipes Value Pack Scented 150 Ct Total,5
jeni4,Clorox Disinfecting Wipes Value Pack Scented 150 Ct Total,5
kate,Chester's Cheese Flavored Puffcorn Snacks,5
jennifer,Stacy's Simply Naked Bagel Chips,5
todd,Nexxus Exxtra Gel Style Creation Sculptor,1
brian,Planes: Fire Rescue (2 Discs) (includes Digital Copy) (blu-Ray/dvd),4
badhairbob,Nexxus Exxtra Gel Style Creation Sculptor,1
shopper,"Lysol Concentrate Deodorizing Cleaner, Original Scent",5
mzintricate,Clorox Disinfecting Wipes Value Pack Scented 150 Ct Total,5
byamazon customer,"Lundberg Wehani Rice, 25lb",5
grandma,Bisquick Original Pancake And Baking Mix - 40oz,5
scott,Mike Dave Need Wedding Dates (dvd + Digital),4
bigd,Cuisinart174 Electric Juicer - Stainless Steel Cje-1000,5
grandmad,My Big Fat Greek Wedding 2 (blu-Ray + Dvd + Digital),5
crazycook4,Clorox Disinfecting Bathroom Cleaner,5
thequeen,My Big Fat Greek Wedding 2 (blu-Ray + Dvd + Digital),4
jsal27,Clorox Disinfecting Bathroom Cleaner,5
sharon,Chobani174 Strawberry On The Bottom Non-Fat Greek Yogurt - 5.3oz,5
swimmer2005,100:Complete First Season (blu-Ray),5
kalehair,L'or233al Paris Elvive Extraordinary Clay Rebalancing Conditioner - 12.6 Fl Oz,4
mimi,Ragu Traditional Pasta Sauce,5
dorothy1026,Clorox Disinfecting Wipes Value Pack Scented 150 Ct Total,5
jojo,Mike Dave Need Wedding Dates (dvd + Digital),4
jkh1027,Clorox Disinfecting Bathroom Cleaner,5
tired arms,Hoover174 Platinum Collection153 Lightweight Bagged Upright Vacuum With Canister - Uh30010com,1
tomi,"Suave Professionals Hair Conditioner, Sleek",5
kittykat716,L'or233al Paris Elvive Extraordinary Clay Rebalancing Conditioner - 12.6 Fl Oz,4
layie,Clorox Disinfecting Wipes Value Pack Scented 150 Ct Total,4
kyang25,Clear Scalp & Hair Therapy Total Care Nourishing Shampoo,3
kimberly,Tostitos Bite Size Tortilla Chips,5
torrie,Clear Scalp & Hair Therapy Total Care Nourishing Shampoo,1
thomas,Godzilla 3d Includes Digital Copy Ultraviolet 3d/2d Blu-Ray/dvd,3
sheila,Godzilla 3d Includes Digital Copy Ultraviolet 3d/2d Blu-Ray/dvd,4
michellevillan,Clorox Disinfecting Bathroom Cleaner,5
momof3,Happy Tot Apple and Butternut Squash,5
lili96,Clear Scalp & Hair Therapy Total Care Nourishing Shampoo,1
mari58,Clorox Disinfecting Wipes Value Pack Scented 150 Ct Total,5
fluffy,Mike Dave Need Wedding Dates (dvd + Digital),5
suzybear,Clorox Disinfecting Bathroom Cleaner,5
katie,My Big Fat Greek Wedding 2 (blu-Ray + Dvd + Digital),5
tiffy,Clorox Disinfecting Wipes Value Pack Scented 150 Ct Total,5
britt,The Resident Evil Collection 5 Discs (blu-Ray),5
maryl,Clear Scalp & Hair Therapy Total Care Nourishing Shampoo,5
bunny,My Big Fat Greek Wedding 2 (blu-Ray + Dvd + Digital),5
lacey214,Clorox Disinfecting Wipes Value Pack Scented 150 Ct Total,5
jennie,Head & Shoulders Classic Clean Conditioner,5
debb,Tostitos Bite Size Tortilla Chips,3
tbbv,Clorox Disinfecting Bathroom Cleaner,5
jenfoofoo,Clorox Disinfecting Bathroom Cleaner,5
mike,Godzilla 3d Includes Digital Copy Ultraviolet 3d/2d Blu-Ray/dvd,5
morbowski,Clorox Disinfecting Wipes Value Pack Scented 150 Ct Total,5
luckydee102,Clorox Disinfecting Bathroom Cleaner,5
ds2014,Godzilla 3d Includes Digital Copy Ultraviolet 3d/2d Blu-Ray/dvd,5
couponmom1996,Clorox Disinfecting Bathroom Cleaner,5
turtle,Planes: Fire Rescue (2 Discs) (includes Digital Copy) (blu-Ray/dvd),4
bylaura c,"Lundberg Wehani Rice, 25lb",5
angelbabee1965,Clorox Disinfecting Wipes Value Pack Scented 150 Ct Total,5
breber1,Clorox Disinfecting Bathroom Cleaner,5
jenn,Tostitos Bite Size Tortilla Chips,5
terri,Diet Canada Dry Ginger Ale - 12pk/12 Fl Oz Cans,4
phantom,Stargate (ws) (ultimate Edition) (director's Cut) (dvdvideo),5
jadeda,L'or233al Paris Elvive Extraordinary Clay Rebalancing Conditioner - 12.6 Fl Oz,4
steph65,Clorox Disinfecting Wipes Value Pack Scented 150 Ct Total,5
dizzle,Clorox Disinfecting Wipes Value Pack Scented 150 Ct Total,5
bean,Clear Scalp & Hair Therapy Total Care Nourishing Shampoo,3
ladybugpam,Clorox Disinfecting Bathroom Cleaner,5
jones0376,Clorox Disinfecting Wipes Value Pack Scented 150 Ct Total,5
meagan,Clorox Disinfecting Wipes Value Pack Scented 150 Ct Total,5
tdenmon,Clorox Disinfecting Bathroom Cleaner,5
sharon,"Aveeno Baby Continuous Protection Lotion Sunscreen with Broad Spectrum SPF 55, 4oz",4
wolfie,Godzilla 3d Includes Digital Copy Ultraviolet 3d/2d Blu-Ray/dvd,4
heatherking64,Clorox Disinfecting Bathroom Cleaner,5
kayg,Clorox Disinfecting Bathroom Cleaner,5
sammy3604,Nexxus Exxtra Gel Style Creation Sculptor,1
kaitg,Clear Scalp & Hair Therapy Total Care Nourishing Shampoo,1
mr don,Nexxus Exxtra Gel Style Creation Sculptor,1
marie2804,Clorox Disinfecting Wipes Value Pack Scented 150 Ct Total,5
frances,Moom Express Pre Waxed Strips For Face & Bikini,4
jenny,Bisquick Original Pancake And Baking Mix - 40oz,4
ccccc,Clorox Disinfecting Wipes Value Pack Scented 150 Ct Total,5
slouchycowman,Red (special Edition) (dvdvideo),5
mrsbubba1982,Clorox Disinfecting Bathroom Cleaner,5
charlie,Godzilla 3d Includes Digital Copy Ultraviolet 3d/2d Blu-Ray/dvd,5
happymom1234,Clorox Disinfecting Wipes Value Pack Scented 150 Ct Total,5
dahrcy,Clorox Disinfecting Wipes Value Pack Scented 150 Ct Total,5
deb,"Newman's Own Organics Licorice Twist, Black 5oz",2
sarah,"Coty Airspun Face Powder, Translucent Extra Coverage",3
critiquethis,Godzilla 3d Includes Digital Copy Ultraviolet 3d/2d Blu-Ray/dvd,5
bhemp,Windex Original Glass Cleaner Refill 67.6oz (2 Liter),5
chris,Windex Original Glass Cleaner Refill 67.6oz (2 Liter),5
nina,Bisquick Original Pancake And Baking Mix - 40oz,5
krotz03,Clorox Disinfecting Wipes Value Pack Scented 150 Ct Total,5
annie,Clear Scalp & Hair Therapy Total Care Nourishing Shampoo,1
moviebuff,Godzilla 3d Includes Digital Copy Ultraviolet 3d/2d Blu-Ray/dvd,4
mike,Jason Aldean - They Don't Know,5
momma,Vaseline Intensive Care Lip Therapy Cocoa Butter,4
missjesf,L'or233al Paris Elvive Extraordinary Clay Rebalancing Conditioner - 12.6 Fl Oz,4
drew,Godzilla 3d Includes Digital Copy Ultraviolet 3d/2d Blu-Ray/dvd,5
ralph,Godzilla 3d Includes Digital Copy Ultraviolet 3d/2d Blu-Ray/dvd,4
theoslithos,My Big Fat Greek Wedding 2 (blu-Ray + Dvd + Digital),2
cabello,"Avery174 Ready Index Contemporary Table Of Contents Divider, 1-8, Multi, Letter",5
ehannah,Clear Scalp & Hair Therapy Total Care Nourishing Shampoo,1
poiuyt,Clorox Disinfecting Wipes Value Pack Scented 150 Ct Total,5
ace24,Nexxus Exxtra Gel Style Creation Sculptor,1
justin,Clorox Disinfecting Wipes Value Pack Scented 150 Ct Total,4
cry12,Clorox Disinfecting Wipes Value Pack Scented 150 Ct Total,5
naturalcurls,Nexxus Exxtra Gel Style Creation Sculptor,1
chuck,Planes: Fire Rescue (2 Discs) (includes Digital Copy) (blu-Ray/dvd),5
hockeyfan,Jason Aldean - They Don't Know,5
cdavadi,Godzilla 3d Includes Digital Copy Ultraviolet 3d/2d Blu-Ray/dvd,4
chris,Jason Aldean - They Don't Know,5
mommy,Clorox Disinfecting Wipes Value Pack Scented 150 Ct Total,5
auntsan,Nexxus Exxtra Gel Style Creation Sculptor,1
barb,Tostitos Bite Size Tortilla Chips,4
hdmama,Clorox Disinfecting Wipes Value Pack Scented 150 Ct Total,5
amber0528,Vaseline Intensive Care Lip Therapy Cocoa Butter,5
shayyy,L'or233al Paris Elvive Extraordinary Clay Rebalancing Conditioner - 12.6 Fl Oz,4
captainkc,Mike Dave Need Wedding Dates (dvd + Digital),4
kaito05,Godzilla 3d Includes Digital Copy Ultraviolet 3d/2d Blu-Ray/dvd,5
gtguru497,Clorox Disinfecting Wipes Value Pack Scented 150 Ct Total,5
randimariiee,L'or233al Paris Elvive Extraordinary Clay Rebalancing Conditioner - 12.6 Fl Oz,1
juli,Clorox Disinfecting Bathroom Cleaner,5
wolfie,Godzilla 3d Includes Digital Copy Ultraviolet 3d/2d Blu-Ray/dvd,4
tracie,Clorox Disinfecting Wipes Value Pack Scented 150 Ct Total,5
rina808,Clorox Disinfecting Wipes Value Pack Scented 150 Ct Total,5
daisymae19,Clorox Disinfecting Wipes Value Pack Scented 150 Ct Total,5
spunky,Sopranos:Season 6 Part 1 (blu-Ray),4
sunny,"Bounce Dryer Sheets, Fresh Linen, 160 sheets",5
footballmom1,Clorox Disinfecting Wipes Value Pack Scented 150 Ct Total,5
luke,Red (special Edition) (dvdvideo),4
cassie h,L'or233al Paris Elvive Extraordinary Clay Rebalancing Conditioner - 12.6 Fl Oz,3
mirafone,Dark Shadows (includes Digital Copy) (ultraviolet) (dvdvideo),5
irish,There's Something About Mary (dvd),5
maximus,Clorox Disinfecting Wipes Value Pack Scented 150 Ct Total,5
blurunner,"Avery174 Ready Index Contemporary Table Of Contents Divider, 1-8, Multi, Letter",5
thenikkistandard,L'or233al Paris Elvive Extraordinary Clay Rebalancing Conditioner - 12.6 Fl Oz,3
1943,"Avery174 Ready Index Contemporary Table Of Contents Divider, 1-8, Multi, Letter",5
clair,Clear Scalp & Hair Therapy Total Care Nourishing Shampoo,4
diana,Clorox Disinfecting Wipes Value Pack Scented 150 Ct Total,5
annie,Hawaiian Punch Berry Limeade Blast Juice,4
bananakitty,Clorox Disinfecting Bathroom Cleaner,5
mlvprincess,Clorox Disinfecting Bathroom Cleaner,5
mse1210,Clorox Disinfecting Wipes Value Pack Scented 150 Ct Total,5
nettie,Planes: Fire Rescue (2 Discs) (includes Digital Copy) (blu-Ray/dvd),5
coopsmom,Clorox Disinfecting Bathroom Cleaner,5
spicy918,Clorox Disinfecting Wipes Value Pack Scented 150 Ct Total,5
jadimyles,Clorox Disinfecting Bathroom Cleaner,5
rosa,Clorox Disinfecting Bathroom Cleaner,5
daynak9,Clorox Disinfecting Wipes Value Pack Scented 150 Ct Total,5
moufasa44,Clorox Disinfecting Wipes Value Pack Scented 150 Ct Total,5
angiesmessykids,Clorox Disinfecting Bathroom Cleaner,5
swess12,L'or233al Paris Elvive Extraordinary Clay Rebalancing Conditioner - 12.6 Fl Oz,2
mitzi,Clorox Disinfecting Wipes Value Pack Scented 150 Ct Total,5
leslie91,Clorox Disinfecting Wipes Value Pack Scented 150 Ct Total,5
kathyb,Clorox Disinfecting Wipes Value Pack Scented 150 Ct Total,4
tycr,Clorox Disinfecting Wipes Value Pack Scented 150 Ct Total,5
emily1108,L'or233al Paris Elvive Extraordinary Clay Rebalancing Conditioner - 12.6 Fl Oz,3
carolnog22,L'or233al Paris Elvive Extraordinary Clay Rebalancing Conditioner - 12.6 Fl Oz,3
viking80,Red (special Edition) (dvdvideo),4
jody,Windex Original Glass Cleaner Refill 67.6oz (2 Liter),5
busybee1995,Clorox Disinfecting Wipes Value Pack Scented 150 Ct Total,5
jeannie,Clorox Disinfecting Wipes Value Pack Scented 150 Ct Total,5
cj89,Clorox Disinfecting Wipes Value Pack Scented 150 Ct Total,5
creativelambs,Clorox Disinfecting Wipes Value Pack Scented 150 Ct Total,5
harley,Mike Dave Need Wedding Dates (dvd + Digital),5
toby,Planes: Fire Rescue (2 Discs) (includes Digital Copy) (blu-Ray/dvd),5
valery,Clorox Disinfecting Wipes Value Pack Scented 150 Ct Total,5
lindylou60,Olay Regenerist Deep Hydration Regenerating Cream,5
motherlovin,Clorox Disinfecting Wipes Value Pack Scented 150 Ct Total,5
nived84,There's Something About Mary (dvd),5
mike,Planes: Fire Rescue (2 Discs) (includes Digital Copy) (blu-Ray/dvd),5
ayterrazas,Clorox Disinfecting Wipes Value Pack Scented 150 Ct Total,5
joem,"Caress Moisturizing Body Bar Natural Silk, 4.75oz",4
jenc0ates,Clorox Disinfecting Wipes Value Pack Scented 150 Ct Total,5
frank,Tostitos Bite Size Tortilla Chips,5
jessie,"Vicks Vaporub, Regular, 3.53oz",2
striker,"Avery174 Ready Index Contemporary Table Of Contents Divider, 1-8, Multi, Letter",5
wownostreaks,Clorox Disinfecting Wipes Value Pack Scented 150 Ct Total,5
steve,Godzilla 3d Includes Digital Copy Ultraviolet 3d/2d Blu-Ray/dvd,1
john,The Resident Evil Collection 5 Discs (blu-Ray),5
rocky,Godzilla 3d Includes Digital Copy Ultraviolet 3d/2d Blu-Ray/dvd,5
bigdaddy,Godzilla 3d Includes Digital Copy Ultraviolet 3d/2d Blu-Ray/dvd,5
sam1,Clorox Disinfecting Wipes Value Pack Scented 150 Ct Total,5
amazing,Godzilla 3d Includes Digital Copy Ultraviolet 3d/2d Blu-Ray/dvd,4
nightwing,Godzilla 3d Includes Digital Copy Ultraviolet 3d/2d Blu-Ray/dvd,4
the office guro,"Avery174 Ready Index Contemporary Table Of Contents Divider, 1-8, Multi, Letter",4
wolverine,"Just For Men Touch Of Gray Gray Hair Treatment, Black T-55",5
adam,Godzilla 3d Includes Digital Copy Ultraviolet 3d/2d Blu-Ray/dvd,5
kellynni,Hoover174 Platinum Collection153 Lightweight Bagged Upright Vacuum With Canister - Uh30010com,5
trix,The Resident Evil Collection 5 Discs (blu-Ray),4
holly15,Clorox Disinfecting Wipes Value Pack Scented 150 Ct Total,5
kelloggcoupongirl,Clorox Disinfecting Wipes Value Pack Scented 150 Ct Total,5
diane,Stacy's Simply Naked Bagel Chips,4
danas,L'or233al Paris Elvive Extraordinary Clay Rebalancing Conditioner - 12.6 Fl Oz,4
djman559,My Big Fat Greek Wedding 2 (blu-Ray + Dvd + Digital),5
phil,Black Front Loading Frame Set (8.5x11) Set Of 12,3
adma2,"Avery174 Ready Index Contemporary Table Of Contents Divider, 1-8, Multi, Letter",5
sophie123,L'or233al Paris Elvive Extraordinary Clay Rebalancing Conditioner - 12.6 Fl Oz,4
celeste,Clorox Disinfecting Bathroom Cleaner,5
sdonovan724,Clorox Disinfecting Wipes Value Pack Scented 150 Ct Total,5
aros,Nexxus Exxtra Gel Style Creation Sculptor,4
claire,Trend Lab Park Nursing Cover - Paisley,5
renuvatio,100:Complete First Season (blu-Ray),5
lala,Godzilla 3d Includes Digital Copy Ultraviolet 3d/2d Blu-Ray/dvd,5
bestbuyshopper,Planes: Fire Rescue (2 Discs) (includes Digital Copy) (blu-Ray/dvd),3
momintpa,Clorox Disinfecting Wipes Value Pack Scented 150 Ct Total,5
bjh1,Nexxus Exxtra Gel Style Creation Sculptor,1
cooka05,Clorox Disinfecting Wipes Value Pack Scented 150 Ct Total,5
minnie,Clorox Disinfecting Bathroom Cleaner,5
rome,D-Con Mice Bait Station - 3ct,4
katrina,Clear Scalp & Hair Therapy Total Care Nourishing Shampoo,1
carbennett,Planes: Fire Rescue (2 Discs) (includes Digital Copy) (blu-Ray/dvd),5
kims12,Clorox Disinfecting Wipes Value Pack Scented 150 Ct Total,5
timothy,My Big Fat Greek Wedding 2 (blu-Ray + Dvd + Digital),5
cindy,Mike Dave Need Wedding Dates (dvd + Digital),3
keisha42,Clorox Disinfecting Wipes Value Pack Scented 150 Ct Total,5
randy,Pleasant Hearth Diamond Fireplace Screen - Espresso,5
rachell,Clorox Disinfecting Bathroom Cleaner,4
divya,L'or233al Paris Elvive Extraordinary Clay Rebalancing Conditioner - 12.6 Fl Oz,3
toot34,Clorox Disinfecting Wipes Value Pack Scented 150 Ct Total,5
msmith7514,Godzilla 3d Includes Digital Copy Ultraviolet 3d/2d Blu-Ray/dvd,1
cycle532,Nexxus Exxtra Gel Style Creation Sculptor,1
jennifer1988,Clorox Disinfecting Wipes Value Pack Scented 150 Ct Total,5
taco99,There's Something About Mary (dvd),4
cry12,Clorox Disinfecting Wipes Value Pack Scented 150 Ct Total,5
gizmo,Clorox Disinfecting Wipes Value Pack Scented 150 Ct Total,5
daniela magallanes,L'or233al Paris Elvive Extraordinary Clay Rebalancing Conditioner - 12.6 Fl Oz,4
jeremy,L'oreal Paris Advanced Hairstyle TXT IT Hyper-Fix Putty,1
raegz,L'or233al Paris Elvive Extraordinary Clay Rebalancing Conditioner - 12.6 Fl Oz,4
faye,Clorox Disinfecting Bathroom Cleaner,5
dcom,Clorox Disinfecting Bathroom Cleaner,5
brandy,Clorox Disinfecting Wipes Value Pack Scented 150 Ct Total,4
maverick,The Script - No Sound Without Silence (cd),5
kathy55,Planes: Fire Rescue (2 Discs) (includes Digital Copy) (blu-Ray/dvd),5
jennaleigh,Clorox Disinfecting Bathroom Cleaner,5
jel08,Clorox Disinfecting Bathroom Cleaner,4
paulbunyan304,Planes: Fire Rescue (2 Discs) (includes Digital Copy) (blu-Ray/dvd),5
harv,"Burt's Bees Lip Shimmer, Raisin",5
1234567,Clorox Disinfecting Wipes Value Pack Scented 150 Ct Total,5
lalawest,Clorox Disinfecting Wipes Value Pack Scented 150 Ct Total,5
lisag537,Clorox Disinfecting Bathroom Cleaner,5
diver13,Planes: Fire Rescue (2 Discs) (includes Digital Copy) (blu-Ray/dvd),4
kjbreen40,Clorox Disinfecting Wipes Value Pack Scented 150 Ct Total,4
minion,Clorox Disinfecting Wipes Value Pack Scented 150 Ct Total,4
joetsc23,"Just For Men Touch Of Gray Gray Hair Treatment, Black T-55",5
matt,Godzilla 3d Includes Digital Copy Ultraviolet 3d/2d Blu-Ray/dvd,4
mike,Mike Dave Need Wedding Dates (dvd + Digital),4
andrew,Godzilla 3d Includes Digital Copy Ultraviolet 3d/2d Blu-Ray/dvd,4
val214,The Resident Evil Collection 5 Discs (blu-Ray),5
sandra,Alex Cross (dvdvideo),5
pauline1,Clorox Disinfecting Wipes Value Pack Scented 150 Ct Total,5
adam,Godzilla 3d Includes Digital Copy Ultraviolet 3d/2d Blu-Ray/dvd,4
mel26,Clorox Disinfecting Bathroom Cleaner,5
kitty,Dark Shadows (includes Digital Copy) (ultraviolet) (dvdvideo),5
cricket,Godzilla 3d Includes Digital Copy Ultraviolet 3d/2d Blu-Ray/dvd,5
frankjess724,Clorox Disinfecting Wipes Value Pack Scented 150 Ct Total,5
ramona,Clear Scalp & Hair Therapy Total Care Nourishing Shampoo,5
labsec1,"Avery174 Ready Index Contemporary Table Of Contents Divider, 1-8, Multi, Letter",5
momof2girls757,Clorox Disinfecting Wipes Value Pack Scented 150 Ct Total,5
lorrei,Clorox Disinfecting Wipes Value Pack Scented 150 Ct Total,5
raymond,Planes: Fire Rescue (2 Discs) (includes Digital Copy) (blu-Ray/dvd),5
bunny,"Coty Airspun Face Powder, Translucent Extra Coverage",5
pierre,100:Complete First Season (blu-Ray),5
xavier,Godzilla 3d Includes Digital Copy Ultraviolet 3d/2d Blu-Ray/dvd,4
henry1,Clorox Disinfecting Bathroom Cleaner,5
justin,Mike Dave Need Wedding Dates (dvd + Digital),4
junior101,Clorox Disinfecting Bathroom Cleaner,4
debbie,Power Crunch Protein Energy Bar Peanut Butter Creme Original,5
lina,Clorox Disinfecting Wipes Value Pack Scented 150 Ct Total,5
poppy,Dark Shadows (includes Digital Copy) (ultraviolet) (dvdvideo),5
connie,Tostitos Bite Size Tortilla Chips,5
ghost,Godzilla 3d Includes Digital Copy Ultraviolet 3d/2d Blu-Ray/dvd,4
superman,Mike Dave Need Wedding Dates (dvd + Digital),4
peferoldformula,Nexxus Exxtra Gel Style Creation Sculptor,1
tony,Mike Dave Need Wedding Dates (dvd + Digital),5
mchea,Clorox Disinfecting Wipes Value Pack Scented 150 Ct Total,5
jojo,"Lysol Concentrate Deodorizing Cleaner, Original Scent",5
kp04,Clorox Disinfecting Bathroom Cleaner,5
stefanie2312,Clorox Disinfecting Wipes Value Pack Scented 150 Ct Total,5
jessidee112,Clorox Disinfecting Bathroom Cleaner,5
mommy2012,Clorox Disinfecting Wipes Value Pack Scented 150 Ct Total,5
grannyverne,Planes: Fire Rescue (2 Discs) (includes Digital Copy) (blu-Ray/dvd),5
wimbly,Clorox Disinfecting Bathroom Cleaner,5
suebell,Clorox Disinfecting Bathroom Cleaner,5
thomas,Cuisinart174 Electric Juicer - Stainless Steel Cje-1000,4
embayn5,L'or233al Paris Elvive Extraordinary Clay Rebalancing Conditioner - 12.6 Fl Oz,4
jayjay,My Big Fat Greek Wedding 2 (blu-Ray + Dvd + Digital),4
sjt23,Godzilla 3d Includes Digital Copy Ultraviolet 3d/2d Blu-Ray/dvd,5
linzy6212011,Clorox Disinfecting Bathroom Cleaner,5
eric,Nexxus Exxtra Gel Style Creation Sculptor,5
logsdonmr,Clorox Disinfecting Wipes Value Pack Scented 150 Ct Total,5
yeyo,Clorox Disinfecting Wipes Value Pack Scented 150 Ct Total,5
cburt,Clorox Disinfecting Wipes Value Pack Scented 150 Ct Total,5
byamazon customer,"Aveeno Baby Continuous Protection Lotion Sunscreen with Broad Spectrum SPF 55, 4oz",2
wendy2245,L'or233al Paris Elvive Extraordinary Clay Rebalancing Conditioner - 12.6 Fl Oz,2
jolet5,Clorox Disinfecting Wipes Value Pack Scented 150 Ct Total,5
abigail,Clear Scalp & Hair Therapy Total Care Nourishing Shampoo,5
jillwink,L'or233al Paris Elvive Extraordinary Clay Rebalancing Conditioner - 12.6 Fl Oz,4
shalli,Clorox Disinfecting Wipes Value Pack Scented 150 Ct Total,5
jasmine,Godzilla 3d Includes Digital Copy Ultraviolet 3d/2d Blu-Ray/dvd,4
jamie0920,Clorox Disinfecting Bathroom Cleaner,5
vickie,"Ogx Conditioner, Hydrating Teatree Mint",5
marysue,Clorox Disinfecting Wipes Value Pack Scented 150 Ct Total,5
matty,The Resident Evil Collection 5 Discs (blu-Ray),5
val,Windex Original Glass Cleaner Refill 67.6oz (2 Liter),1
hairgoddess,L'or233al Paris Elvive Extraordinary Clay Rebalancing Conditioner - 12.6 Fl Oz,4
kaylaharmening,L'or233al Paris Elvive Extraordinary Clay Rebalancing Conditioner - 12.6 Fl Oz,4
daniellea39,Clorox Disinfecting Bathroom Cleaner,5
shannon,Mike Dave Need Wedding Dates (dvd + Digital),5
nathan,Nature's Path Flax Plus Maple Pecan Crunch Cereal,3
mimi3,Clorox Disinfecting Wipes Value Pack Scented 150 Ct Total,5
jess17,Clorox Disinfecting Bathroom Cleaner,5
lecha,Clorox Disinfecting Wipes Value Pack Scented 150 Ct Total,5
heatherking64,Clorox Disinfecting Wipes Value Pack Scented 150 Ct Total,5
mandy2211,Clorox Disinfecting Wipes Value Pack Scented 150 Ct Total,5
zippy,"Pendaflex174 Divide It Up File Folder, Multi Section, Letter, Assorted, 12/pack",4
victoria29,Vaseline Intensive Care Lip Therapy Cocoa Butter,4
1943,Godzilla 3d Includes Digital Copy Ultraviolet 3d/2d Blu-Ray/dvd,3
ronnie,Godzilla 3d Includes Digital Copy Ultraviolet 3d/2d Blu-Ray/dvd,4
adamsmom,"Aveeno Baby Continuous Protection Lotion Sunscreen with Broad Spectrum SPF 55, 4oz",3
happyhomeofcleaning,Clorox Disinfecting Wipes Value Pack Scented 150 Ct Total,5
jalldred,L'or233al Paris Elvive Extraordinary Clay Rebalancing Conditioner - 12.6 Fl Oz,4
nicole,The Honest Company Laundry Detergent,5
anatnas4,Clorox Disinfecting Wipes Value Pack Scented 150 Ct Total,5
yazzmiin,L'or233al Paris Elvive Extraordinary Clay Rebalancing Conditioner - 12.6 Fl Oz,4
happy,Red (special Edition) (dvdvideo),4
byamazon customer,"Lundberg Wehani Rice, 25lb",5
tabbicake,Clorox Disinfecting Wipes Value Pack Scented 150 Ct Total,5
ncdaddyof2,Clorox Disinfecting Wipes Value Pack Scented 150 Ct Total,5
b1g1free,Clorox Disinfecting Wipes Value Pack Scented 150 Ct Total,5
tootsie23,Clorox Disinfecting Bathroom Cleaner,5
bargainhuntergmaoftwo,Clorox Disinfecting Bathroom Cleaner,5
todd,Godzilla 3d Includes Digital Copy Ultraviolet 3d/2d Blu-Ray/dvd,4
keith,The Resident Evil Collection 5 Discs (blu-Ray),5
babumsky,Sabre 2 Pack Door And Window Alarm,5
as123,Clorox Disinfecting Wipes Value Pack Scented 150 Ct Total,5
christmascarol,Clorox Disinfecting Wipes Value Pack Scented 150 Ct Total,5
janice,Cars Toon: Mater's Tall Tales,5
no nickname,Nexxus Exxtra Gel Style Creation Sculptor,1
lizipj,Clorox Disinfecting Bathroom Cleaner,5
vanessavast,Clorox Disinfecting Bathroom Cleaner,5
katie,"Pendaflex174 Divide It Up File Folder, Multi Section, Letter, Assorted, 12/pack",4
heather3381,L'or233al Paris Elvive Extraordinary Clay Rebalancing Conditioner - 12.6 Fl Oz,2
le30,Clorox Disinfecting Bathroom Cleaner,5
bob,Windex Original Glass Cleaner Refill 67.6oz (2 Liter),5
reneeashie218,Clorox Disinfecting Wipes Value Pack Scented 150 Ct Total,5
blindsay,L'or233al Paris Elvive Extraordinary Clay Rebalancing Conditioner - 12.6 Fl Oz,4
ash4,Clorox Disinfecting Bathroom Cleaner,5
rick,Planes: Fire Rescue (2 Discs) (includes Digital Copy) (blu-Ray/dvd),5
nicole56,Clorox Disinfecting Wipes Value Pack Scented 150 Ct Total,5
prgirl,Clorox Disinfecting Bathroom Cleaner,5
deborah,Clorox Disinfecting Bathroom Cleaner,5
msdaly2015,Clorox Disinfecting Wipes Value Pack Scented 150 Ct Total,5
jac1047,Clear Scalp & Hair Therapy Total Care Nourishing Shampoo,5
romance318,Nexxus Exxtra Gel Style Creation Sculptor,1
cleaner mom,Hoover174 Platinum Collection153 Lightweight Bagged Upright Vacuum With Canister - Uh30010com,4
paul,Jolly Time Select Premium Yellow Pop Corn,5
mmrowell,L'or233al Paris Elvive Extraordinary Clay Rebalancing Conditioner - 12.6 Fl Oz,2
melissa81,Clorox Disinfecting Wipes Value Pack Scented 150 Ct Total,5
regal76,Red (special Edition) (dvdvideo),5
brownshuga40,Clorox Disinfecting Bathroom Cleaner,5
solo,"Johnson's Baby Bubble Bath and Wash, 15oz",4
jenn,Hoover174 Platinum Collection153 Lightweight Bagged Upright Vacuum With Canister - Uh30010com,5
granny,0.6 Cu. Ft. Letter A4 Size Waterproof 30 Min. Fire File Chest,5
macdaddy,Godzilla 3d Includes Digital Copy Ultraviolet 3d/2d Blu-Ray/dvd,4
rollinhillsfarm,Clorox Disinfecting Bathroom Cleaner,5
spidysgirl,Clorox Disinfecting Wipes Value Pack Scented 150 Ct Total,5
ladybg,Clorox Disinfecting Wipes Value Pack Scented 150 Ct Total,5
loraloo,L'or233al Paris Elvive Extraordinary Clay Rebalancing Conditioner - 12.6 Fl Oz,2
coupongoddess1983,Clorox Disinfecting Bathroom Cleaner,5
chelle30,Clorox Disinfecting Bathroom Cleaner,4
pepper,Godzilla 3d Includes Digital Copy Ultraviolet 3d/2d Blu-Ray/dvd,4
amsmes26,Clorox Disinfecting Bathroom Cleaner,5
lazar,"Avery174 Ready Index Contemporary Table Of Contents Divider, 1-8, Multi, Letter",5
munchie77,Clorox Disinfecting Wipes Value Pack Scented 150 Ct Total,5
sassy,The Resident Evil Collection 5 Discs (blu-Ray),5
detets,Clorox Disinfecting Bathroom Cleaner,5
lholowecky,Clorox Disinfecting Wipes Value Pack Scented 150 Ct Total,4
moviebuff,Godzilla 3d Includes Digital Copy Ultraviolet 3d/2d Blu-Ray/dvd,4
tmc1,Clorox Disinfecting Wipes Value Pack Scented 150 Ct Total,5
andrew,Godzilla 3d Includes Digital Copy Ultraviolet 3d/2d Blu-Ray/dvd,4
trix,Yes To Carrots Nourishing Body Wash,5
megacat435,Clorox Disinfecting Wipes Value Pack Scented 150 Ct Total,5
mommy2,Clorox Disinfecting Bathroom Cleaner,5
carrieletti,Nexxus Exxtra Gel Style Creation Sculptor,1
rogerdodger,Godzilla 3d Includes Digital Copy Ultraviolet 3d/2d Blu-Ray/dvd,4
baker,Clear Scalp & Hair Therapy Total Care Nourishing Shampoo,1
texatennville,Vaseline Intensive Care Lip Therapy Cocoa Butter,5
newmom10,Clorox Disinfecting Wipes Value Pack Scented 150 Ct Total,5
soutine,Planes: Fire Rescue (2 Discs) (includes Digital Copy) (blu-Ray/dvd),4
kayal,Vaseline Intensive Care Lip Therapy Cocoa Butter,5
rebekahellie,L'or233al Paris Elvive Extraordinary Clay Rebalancing Conditioner - 12.6 Fl Oz,4
changeisdemanded,Clear Scalp & Hair Therapy Total Care Nourishing Shampoo,1
suzzz,Clorox Disinfecting Wipes Value Pack Scented 150 Ct Total,4
mita,Clorox Disinfecting Wipes Value Pack Scented 150 Ct Total,5
windowkitty,Ragu Traditional Pasta Sauce,1
mtbyers,Clorox Disinfecting Wipes Value Pack Scented 150 Ct Total,5
byamazon customer,"Lundberg Wehani Rice, 25lb",5
scott,Godzilla 3d Includes Digital Copy Ultraviolet 3d/2d Blu-Ray/dvd,5
rcchilde,L'or233al Paris Elvive Extraordinary Clay Rebalancing Conditioner - 12.6 Fl Oz,4
midcenturymom,Clorox Disinfecting Wipes Value Pack Scented 150 Ct Total,5
jake,Godzilla 3d Includes Digital Copy Ultraviolet 3d/2d Blu-Ray/dvd,2
stephanie1219,Clorox Disinfecting Bathroom Cleaner,5
sandi,The Resident Evil Collection 5 Discs (blu-Ray),4
deborah,Clorox Disinfecting Bathroom Cleaner,5
halligan87,Clorox Disinfecting Wipes Value Pack Scented 150 Ct Total,5
angie,"Coty Airspun Face Powder, Translucent Extra Coverage",5
tarao,Clorox Disinfecting Bathroom Cleaner,4
rally16,L'or233al Paris Elvive Extraordinary Clay Rebalancing Conditioner - 12.6 Fl Oz,2
megshair,L'or233al Paris Elvive Extraordinary Clay Rebalancing Conditioner - 12.6 Fl Oz,4
wildman,Pleasant Hearth Diamond Fireplace Screen - Espresso,5
catjs,Nexxus Exxtra Gel Style Creation Sculptor,1
allie123,L'or233al Paris Elvive Extraordinary Clay Rebalancing Conditioner - 12.6 Fl Oz,4
abbey,Clear Scalp & Hair Therapy Total Care Nourishing Shampoo,5
becky75,L'or233al Paris Elvive Extraordinary Clay Rebalancing Conditioner - 12.6 Fl Oz,4
npickett05,Clorox Disinfecting Wipes Value Pack Scented 150 Ct Total,5
nforesta,Nexxus Exxtra Gel Style Creation Sculptor,1
bostonmommy,L'or233al Paris Elvive Extraordinary Clay Rebalancing Conditioner - 12.6 Fl Oz,4
irms2,L'or233al Paris Elvive Extraordinary Clay Rebalancing Conditioner - 12.6 Fl Oz,3
damanda,Clorox Disinfecting Bathroom Cleaner,5
jdawg,The Resident Evil Collection 5 Discs (blu-Ray),4
bams,Clorox Disinfecting Wipes Value Pack Scented 150 Ct Total,5
kristy,Clear Scalp & Hair Therapy Total Care Nourishing Shampoo,1
wally,Jason Aldean - They Don't Know,4
sonny,Godzilla 3d Includes Digital Copy Ultraviolet 3d/2d Blu-Ray/dvd,3
loveitt,Vaseline Intensive Care Lip Therapy Cocoa Butter,5
23jen,Clorox Disinfecting Wipes Value Pack Scented 150 Ct Total,5
steverap,Nexxus Exxtra Gel Style Creation Sculptor,2
chels818,L'or233al Paris Elvive Extraordinary Clay Rebalancing Conditioner - 12.6 Fl Oz,4
rossi,Nexxus Exxtra Gel Style Creation Sculptor,1
missy321,Clorox Disinfecting Wipes Value Pack Scented 150 Ct Total,5
linzy6212011,Clorox Disinfecting Wipes Value Pack Scented 150 Ct Total,5
marya,Clorox Disinfecting Wipes Value Pack Scented 150 Ct Total,5
mrsmaxwell,Clorox Disinfecting Wipes Value Pack Scented 150 Ct Total,5
betsy,Olay Regenerist Deep Hydration Regenerating Cream,5
gamer1969,Planes: Fire Rescue (2 Discs) (includes Digital Copy) (blu-Ray/dvd),5
tstarr,Clorox Disinfecting Wipes Value Pack Scented 150 Ct Total,5
bucket,Mike Dave Need Wedding Dates (dvd + Digital),4
missaye1231,Clorox Disinfecting Wipes Value Pack Scented 150 Ct Total,5
lillisa78900,L'or233al Paris Elvive Extraordinary Clay Rebalancing Conditioner - 12.6 Fl Oz,2
sjdeste,Clear Scalp & Hair Therapy Total Care Nourishing Shampoo,5
brendac,Clorox Disinfecting Bathroom Cleaner,5
plht2,Clorox Disinfecting Wipes Value Pack Scented 150 Ct Total,5
sage29,Clorox Disinfecting Wipes Value Pack Scented 150 Ct Total,5
trish,Godzilla 3d Includes Digital Copy Ultraviolet 3d/2d Blu-Ray/dvd,3
bigb,Godzilla 3d Includes Digital Copy Ultraviolet 3d/2d Blu-Ray/dvd,4
josh,Godzilla 3d Includes Digital Copy Ultraviolet 3d/2d Blu-Ray/dvd,4
mamagia,Red (special Edition) (dvdvideo),4
kong,Mike Dave Need Wedding Dates (dvd + Digital),5
happy,Jason Aldean - They Don't Know,5
chrissy,Godzilla 3d Includes Digital Copy Ultraviolet 3d/2d Blu-Ray/dvd,4
char,"Burt's Bees Lip Shimmer, Raisin",5
beth74,Clorox Disinfecting Bathroom Cleaner,5
nate,Chex Muddy Buddies Brownie Supreme Snack Mix,5
purplestarre,Clorox Disinfecting Wipes Value Pack Scented 150 Ct Total,5
cindy,Planes: Fire Rescue (2 Discs) (includes Digital Copy) (blu-Ray/dvd),5
buckeye,Planes: Fire Rescue (2 Discs) (includes Digital Copy) (blu-Ray/dvd),5
ann222,Clorox Disinfecting Wipes Value Pack Scented 150 Ct Total,3
stirfry,Clorox Disinfecting Wipes Value Pack Scented 150 Ct Total,5
jp32,Clorox Disinfecting Wipes Value Pack Scented 150 Ct Total,4
jack,My Big Fat Greek Wedding 2 (blu-Ray + Dvd + Digital),5
klovescon,Clorox Disinfecting Wipes Value Pack Scented 150 Ct Total,5
renee,Dark Shadows (includes Digital Copy) (ultraviolet) (dvdvideo),5
frankie,Clorox Disinfecting Bathroom Cleaner,5
coronadad,Stargate (ws) (ultimate Edition) (director's Cut) (dvdvideo),5
criggs,Clorox Disinfecting Bathroom Cleaner,5
datmanvell,There's Something About Mary (dvd),4
katdean,Clorox Disinfecting Wipes Value Pack Scented 150 Ct Total,5
mongo,My Big Fat Greek Wedding 2 (blu-Ray + Dvd + Digital),5
kristant,Clorox Disinfecting Wipes Value Pack Scented 150 Ct Total,5
tamtam,Clorox Disinfecting Bathroom Cleaner,5
isha,Clorox Disinfecting Bathroom Cleaner,5
foxxygrrl75,Clorox Disinfecting Bathroom Cleaner,5
jules,Clorox Disinfecting Wipes Value Pack Scented 150 Ct Total,5
happymom,The Resident Evil Collection 5 Discs (blu-Ray),5
kiki,Pleasant Hearth Diamond Fireplace Screen - Espresso,5
dusty,Planes: Fire Rescue (2 Discs) (includes Digital Copy) (blu-Ray/dvd),4
4djs,Clorox Disinfecting Wipes Value Pack Scented 150 Ct Total,5
junior,Godzilla 3d Includes Digital Copy Ultraviolet 3d/2d Blu-Ray/dvd,5
tifflet10,L'or233al Paris Elvive Extraordinary Clay Rebalancing Conditioner - 12.6 Fl Oz,4
johnh96813,"Avery174 Ready Index Contemporary Table Of Contents Divider, 1-8, Multi, Letter",5
jennifer,Olay Regenerist Deep Hydration Regenerating Cream,5
kim876,Clorox Disinfecting Bathroom Cleaner,5
staci29,Clorox Disinfecting Wipes Value Pack Scented 150 Ct Total,5
chilli,Tostitos Bite Size Tortilla Chips,5
sam1,Nexxus Exxtra Gel Style Creation Sculptor,1
gellis,"Avery174 Ready Index Contemporary Table Of Contents Divider, 1-8, Multi, Letter",4
ajay,Olay Regenerist Deep Hydration Regenerating Cream,5
aly16,"Aveeno Baby Continuous Protection Lotion Sunscreen with Broad Spectrum SPF 55, 4oz",1
pam36,Clorox Disinfecting Wipes Value Pack Scented 150 Ct Total,5
claire,Vaseline Intensive Care Lip Therapy Cocoa Butter,5
belle,Godzilla 3d Includes Digital Copy Ultraviolet 3d/2d Blu-Ray/dvd,5
trav,The Resident Evil Collection 5 Discs (blu-Ray),5
jaej,L'or233al Paris Elvive Extraordinary Clay Rebalancing Conditioner - 12.6 Fl Oz,4
wildchild23,L'or233al Paris Elvive Extraordinary Clay Rebalancing Conditioner - 12.6 Fl Oz,3
bobby,The Resident Evil Collection 5 Discs (blu-Ray),5
ladyjenn,Olay Regenerist Deep Hydration Regenerating Cream,3
stefy624,Clorox Disinfecting Wipes Value Pack Scented 150 Ct Total,5
besty,Mike Dave Need Wedding Dates (dvd + Digital),5
george,Mike Dave Need Wedding Dates (dvd + Digital),5
billierose,Clorox Disinfecting Wipes Value Pack Scented 150 Ct Total,5
ninna1,Sopranos:Season 6 Part 1 (blu-Ray),5
muffin,"Vicks Vaporub, Regular, 3.53oz",5
marisa,Clorox Disinfecting Bathroom Cleaner,4
tampa,My Big Fat Greek Wedding 2 (blu-Ray + Dvd + Digital),3
roseyb,L'or233al Paris Elvive Extraordinary Clay Rebalancing Conditioner - 12.6 Fl Oz,4
sandra1234,Clorox Disinfecting Bathroom Cleaner,5
dhm66,Clorox Disinfecting Wipes Value Pack Scented 150 Ct Total,5
squeak,My Big Fat Greek Wedding 2 (blu-Ray + Dvd + Digital),5
lorlor21,Clorox Disinfecting Wipes Value Pack Scented 150 Ct Total,5
patti,"Pendaflex174 Divide It Up File Folder, Multi Section, Letter, Assorted, 12/pack",5
jssmith,Mike Dave Need Wedding Dates (dvd + Digital),5
kyle,Nexxus Exxtra Gel Style Creation Sculptor,1
lindsey25,Clorox Disinfecting Bathroom Cleaner,5
lizmomof8,Clorox Disinfecting Wipes Value Pack Scented 150 Ct Total,5
tjzmom,Clorox Disinfecting Wipes Value Pack Scented 150 Ct Total,5
tony,Godzilla 3d Includes Digital Copy Ultraviolet 3d/2d Blu-Ray/dvd,5
allie,Chester's Cheese Flavored Puffcorn Snacks,4
allison33,Clorox Disinfecting Wipes Value Pack Scented 150 Ct Total,5
citykat808,Clorox Disinfecting Bathroom Cleaner,4
tmoxvan,Clear Scalp & Hair Therapy Total Care Nourishing Shampoo,5
wolvarine,"Pleasant Hearth 1,800 sq ft Wood Burning Stove with Blower, Medium, LWS-127201",4
mom g,Stander Pt Bedcane - Bed Handle,5
daniella23,L'or233al Paris Elvive Extraordinary Clay Rebalancing Conditioner - 12.6 Fl Oz,4
lettuceb,Clorox Disinfecting Wipes Value Pack Scented 150 Ct Total,5
melley,"Aveeno Baby Continuous Protection Lotion Sunscreen with Broad Spectrum SPF 55, 4oz",1
john,Mike Dave Need Wedding Dates (dvd + Digital),4
ash23,Clorox Disinfecting Bathroom Cleaner,1
gtsp,Olay Regenerist Deep Hydration Regenerating Cream,5
coco,Mike Dave Need Wedding Dates (dvd + Digital),5
clanoux,Clorox Disinfecting Wipes Value Pack Scented 150 Ct Total,5
mhayser,Clorox Disinfecting Wipes Value Pack Scented 150 Ct Total,5
james,Stargate (ws) (ultimate Edition) (director's Cut) (dvdvideo),5
javi,Godzilla 3d Includes Digital Copy Ultraviolet 3d/2d Blu-Ray/dvd,5
smithx3,Clorox Disinfecting Wipes Value Pack Scented 150 Ct Total,5
bestbuyfan,Mike Dave Need Wedding Dates (dvd + Digital),5
mark,Red (special Edition) (dvdvideo),5
lisa,Clorox Disinfecting Wipes Value Pack Scented 150 Ct Total,5
gigi,Tostitos Bite Size Tortilla Chips,5
good,Chester's Cheese Flavored Puffcorn Snacks,5
nanna,Bisquick Original Pancake And Baking Mix - 40oz,5
meredith,Nexxus Exxtra Gel Style Creation Sculptor,1
mike,Godzilla 3d Includes Digital Copy Ultraviolet 3d/2d Blu-Ray/dvd,5
fitbit,Planes: Fire Rescue (2 Discs) (includes Digital Copy) (blu-Ray/dvd),4
mixy,Nexxus Exxtra Gel Style Creation Sculptor,1
scott,Nexxus Exxtra Gel Style Creation Sculptor,1
hashbrown,Clorox Disinfecting Bathroom Cleaner,5
jennae93,L'or233al Paris Elvive Extraordinary Clay Rebalancing Conditioner - 12.6 Fl Oz,4
charlie,Red (special Edition) (dvdvideo),4
rmayberry86,Clorox Disinfecting Wipes Value Pack Scented 150 Ct Total,5
tiffany1167,L'or233al Paris Elvive Extraordinary Clay Rebalancing Conditioner - 12.6 Fl Oz,4
cougar,"Hormel Chili, No Beans",5
jamie82,Clorox Disinfecting Wipes Value Pack Scented 150 Ct Total,5
merlin1942,Clorox Disinfecting Wipes Value Pack Scented 150 Ct Total,5
heli,Clorox Disinfecting Wipes Value Pack Scented 150 Ct Total,5
jimmy,"Storkcraft Tuscany Glider and Ottoman, Beige Cushions, Espresso Finish",5
letty1,Clorox Disinfecting Wipes Value Pack Scented 150 Ct Total,5
milo,Clorox Disinfecting Wipes Value Pack Scented 150 Ct Total,5
rosberryyy,L'or233al Paris Elvive Extraordinary Clay Rebalancing Conditioner - 12.6 Fl Oz,4
margaet,Clorox Disinfecting Wipes Value Pack Scented 150 Ct Total,5
kk,Boraam Sonoma Kitchen Cart With Wire Brush Gray - Maaya Home,5
ccl,"Aveeno Baby Continuous Protection Lotion Sunscreen with Broad Spectrum SPF 55, 4oz",5
tominator,Godzilla 3d Includes Digital Copy Ultraviolet 3d/2d Blu-Ray/dvd,4
emerald,Clorox Disinfecting Wipes Value Pack Scented 150 Ct Total,5
paulinek,Clorox Disinfecting Wipes Value Pack Scented 150 Ct Total,5
wizard,Equals (blu-Ray),4
christine,Nature's Path Chunky Chocolate Peanut Chewy Granola Bars,5
bigdogwood,Planes: Fire Rescue (2 Discs) (includes Digital Copy) (blu-Ray/dvd),4
daner,Chester's Cheese Flavored Puffcorn Snacks,5
dw5334,"Avery174 Ready Index Contemporary Table Of Contents Divider, 1-8, Multi, Letter",5
wally,Various - Red Hot Blue:Tribute To Cole Porter (cd),5
ashleylysette,Clorox Disinfecting Wipes Value Pack Scented 150 Ct Total,4
johnd,Clorox Disinfecting Bathroom Cleaner,5
rickjax,Nexxus Exxtra Gel Style Creation Sculptor,1
momma207,Clorox Disinfecting Wipes Value Pack Scented 150 Ct Total,4
catcrazygal,"Banana Boat Sunless Summer Color Self Tanning Lotion, Light To Medium",3
weston t,Nexxus Exxtra Gel Style Creation Sculptor,1
jldh,Clorox Disinfecting Wipes Value Pack Scented 150 Ct Total,5
csmith42,Clorox Disinfecting Wipes Value Pack Scented 150 Ct Total,5
jeng,Clorox Disinfecting Wipes Value Pack Scented 150 Ct Total,5
bpii,Clorox Disinfecting Wipes Value Pack Scented 150 Ct Total,5
ducky,"Burt's Bees Lip Shimmer, Raisin",5
gregfam,Clorox Disinfecting Bathroom Cleaner,5
robin57,Clorox Disinfecting Wipes Value Pack Scented 150 Ct Total,5
kimmynk,L'or233al Paris Elvive Extraordinary Clay Rebalancing Conditioner - 12.6 Fl Oz,4
karagr,Clorox Disinfecting Wipes Value Pack Scented 150 Ct Total,5
jenc227,Clorox Disinfecting Bathroom Cleaner,5
mac23,L'or233al Paris Elvive Extraordinary Clay Rebalancing Conditioner - 12.6 Fl Oz,4
brandon,Mike Dave Need Wedding Dates (dvd + Digital),5
franny,Godzilla 3d Includes Digital Copy Ultraviolet 3d/2d Blu-Ray/dvd,5
sup3rmom,Clorox Disinfecting Wipes Value Pack Scented 150 Ct Total,4
georgia,Nexxus Exxtra Gel Style Creation Sculptor,1
sandi,Planes: Fire Rescue (2 Discs) (includes Digital Copy) (blu-Ray/dvd),5
cldjeng,Planes: Fire Rescue (2 Discs) (includes Digital Copy) (blu-Ray/dvd),4
samsunglady,My Big Fat Greek Wedding 2 (blu-Ray + Dvd + Digital),5
nar1404,Clorox Disinfecting Wipes Value Pack Scented 150 Ct Total,5
atacjj,Clorox Disinfecting Wipes Value Pack Scented 150 Ct Total,5
pammy,Ragu Roasted Garlic Parmesan Pasta Sauce,5
ael26,"Aveeno Baby Continuous Protection Lotion Sunscreen with Broad Spectrum SPF 55, 4oz",1
cally,Clorox Disinfecting Bathroom Cleaner,5
jojo,Bisquick Original Pancake And Baking Mix - 40oz,5
teetee,Clorox Disinfecting Wipes Value Pack Scented 150 Ct Total,5
jenz,Vaseline Intensive Care Lip Therapy Cocoa Butter,5
vlo910,L'or233al Paris Elvive Extraordinary Clay Rebalancing Conditioner - 12.6 Fl Oz,4
kathie,"Pendaflex174 Divide It Up File Folder, Multi Section, Letter, Assorted, 12/pack",5
hutch69,Mike Dave Need Wedding Dates (dvd + Digital),4
j780,Clorox Disinfecting Wipes Value Pack Scented 150 Ct Total,4
davist,Clorox Disinfecting Wipes Value Pack Scented 150 Ct Total,5
k1971,Clear Scalp & Hair Therapy Total Care Nourishing Shampoo,4
movieguru,Red (special Edition) (dvdvideo),5
lizzy,Clear Scalp & Hair Therapy Total Care Nourishing Shampoo,1
judy,Godzilla 3d Includes Digital Copy Ultraviolet 3d/2d Blu-Ray/dvd,4
eagle,Bisquick Original Pancake And Baking Mix - 40oz,5
couponcara,Clorox Disinfecting Bathroom Cleaner,5
lean,Clorox Disinfecting Bathroom Cleaner,5
petals66,Clorox Disinfecting Wipes Value Pack Scented 150 Ct Total,5
momo22222,L'or233al Paris Elvive Extraordinary Clay Rebalancing Conditioner - 12.6 Fl Oz,4
beabop,Clorox Disinfecting Wipes Value Pack Scented 150 Ct Total,5
ally,Clorox Disinfecting Bathroom Cleaner,5
mhsswimmer,L'or233al Paris Elvive Extraordinary Clay Rebalancing Conditioner - 12.6 Fl Oz,4
madison m,L'or233al Paris Elvive Extraordinary Clay Rebalancing Conditioner - 12.6 Fl Oz,3
mjh08,Clorox Disinfecting Wipes Value Pack Scented 150 Ct Total,5
mami123,Clear Scalp & Hair Therapy Total Care Nourishing Shampoo,1
bydave,"Lundberg Wehani Rice, 25lb",5
ladyrebel,Clorox Disinfecting Wipes Value Pack Scented 150 Ct Total,5
kimmie,K-Y Love Sensuality Pleasure Gel,1
debbie,Pleasant Hearth Diamond Fireplace Screen - Espresso,5
seeme,Clorox Disinfecting Wipes Value Pack Scented 150 Ct Total,5
cookie0258,Clorox Disinfecting Bathroom Cleaner,5
reba,Tostitos Bite Size Tortilla Chips,5
stra,L'or233al Paris Elvive Extraordinary Clay Rebalancing Conditioner - 12.6 Fl Oz,4
andie,The Resident Evil Collection 5 Discs (blu-Ray),5
jazz,"Coty Airspun Face Powder, Translucent Extra Coverage",3
tara85,L'or233al Paris Elvive Extraordinary Clay Rebalancing Conditioner - 12.6 Fl Oz,4
cristyleigh,Clorox Disinfecting Bathroom Cleaner,5
dora,"Coty Airspun Face Powder, Translucent Extra Coverage",5
emily,"Aveeno Baby Continuous Protection Lotion Sunscreen with Broad Spectrum SPF 55, 4oz",1
angie,Clorox Disinfecting Wipes Value Pack Scented 150 Ct Total,5
doris60,Clorox Disinfecting Bathroom Cleaner,5
jessie00,L'or233al Paris Elvive Extraordinary Clay Rebalancing Conditioner - 12.6 Fl Oz,3
mskris2u,Clorox Disinfecting Wipes Value Pack Scented 150 Ct Total,4
tammy1976,Clorox Disinfecting Wipes Value Pack Scented 150 Ct Total,5
breezy,Godzilla 3d Includes Digital Copy Ultraviolet 3d/2d Blu-Ray/dvd,3
mommasith,L'or233al Paris Elvive Extraordinary Clay Rebalancing Conditioner - 12.6 Fl Oz,3
noname,100:Complete First Season (blu-Ray),5
teacher,Mike Dave Need Wedding Dates (dvd + Digital),5
okie,Godzilla 3d Includes Digital Copy Ultraviolet 3d/2d Blu-Ray/dvd,3
meme22,Clorox Disinfecting Bathroom Cleaner,5
gamer,Godzilla 3d Includes Digital Copy Ultraviolet 3d/2d Blu-Ray/dvd,5
woottos,Clorox Disinfecting Bathroom Cleaner,5
markm,The Resident Evil Collection 5 Discs (blu-Ray),5
judith,Planes: Fire Rescue (2 Discs) (includes Digital Copy) (blu-Ray/dvd),5
debster,Clorox Disinfecting Bathroom Cleaner,5
the boss,Hoover174 Platinum Collection153 Lightweight Bagged Upright Vacuum With Canister - Uh30010com,4
smiley82,Clorox Disinfecting Wipes Value Pack Scented 150 Ct Total,3
kcl624,Clorox Disinfecting Bathroom Cleaner,5
lisam,Clorox Disinfecting Bathroom Cleaner,5
mrss,Jason Aldean - They Don't Know,5
barra2,The Resident Evil Collection 5 Discs (blu-Ray),5
desi03,Alex Cross (dvdvideo),5
cuevas305,Clorox Disinfecting Wipes Value Pack Scented 150 Ct Total,5
dvdfan,Godzilla 3d Includes Digital Copy Ultraviolet 3d/2d Blu-Ray/dvd,5
nate,Godzilla 3d Includes Digital Copy Ultraviolet 3d/2d Blu-Ray/dvd,5
jmamea,Clorox Disinfecting Wipes Value Pack Scented 150 Ct Total,4
originalformulafan,Clear Scalp & Hair Therapy Total Care Nourishing Shampoo,1
azchick,Clorox Disinfecting Wipes Value Pack Scented 150 Ct Total,4
mark,Godzilla 3d Includes Digital Copy Ultraviolet 3d/2d Blu-Ray/dvd,2
rlop,Clear Scalp & Hair Therapy Total Care Nourishing Shampoo,3
bubbs33,Clorox Disinfecting Bathroom Cleaner,5
holly28,Clorox Disinfecting Bathroom Cleaner,4
mhziz,L'or233al Paris Elvive Extraordinary Clay Rebalancing Conditioner - 12.6 Fl Oz,4
trisha,Tostitos Bite Size Tortilla Chips,5
jennaduck,Clorox Disinfecting Bathroom Cleaner,5
ritzcampos2,Clorox Disinfecting Bathroom Cleaner,5
connie,Chester's Cheese Flavored Puffcorn Snacks,5
staci,Clorox Disinfecting Wipes Value Pack Scented 150 Ct Total,5
bhiam,Clorox Disinfecting Wipes Value Pack Scented 150 Ct Total,5
adriana9999,Clorox Disinfecting Bathroom Cleaner,5
cheapcleaninglady,Clorox Disinfecting Wipes Value Pack Scented 150 Ct Total,5
honey6981,Clorox Disinfecting Bathroom Cleaner,5
moocow,Clorox Disinfecting Bathroom Cleaner,5
sissy,Nexxus Exxtra Gel Style Creation Sculptor,2
kimi,"Hormel Chili, No Beans",4
stacey,Clear Scalp & Hair Therapy Total Care Nourishing Shampoo,5
bluu,Clear Scalp & Hair Therapy Total Care Nourishing Shampoo,1
hello_mp,L'or233al Paris Elvive Extraordinary Clay Rebalancing Conditioner - 12.6 Fl Oz,3
chris,"Hormel Chili, No Beans",5
elisa,Clorox Disinfecting Bathroom Cleaner,5
debc,"Caress Moisturizing Body Bar Natural Silk, 4.75oz",5
dj19,Nexxus Exxtra Gel Style Creation Sculptor,1
dawn,"Hormel Chili, No Beans",5
jessica,The Honest Company Laundry Detergent,5
mimi,My Big Fat Greek Wedding 2 (blu-Ray + Dvd + Digital),5
elms96,Clorox Disinfecting Wipes Value Pack Scented 150 Ct Total,5
spyguy,The Resident Evil Collection 5 Discs (blu-Ray),5
jygibri,Clorox Disinfecting Wipes Value Pack Scented 150 Ct Total,5
melanyjacobo,L'or233al Paris Elvive Extraordinary Clay Rebalancing Conditioner - 12.6 Fl Oz,5
marinewife,Clorox Disinfecting Wipes Value Pack Scented 150 Ct Total,5
wendy59,Clorox Disinfecting Wipes Value Pack Scented 150 Ct Total,5
dee1029,Clorox Disinfecting Wipes Value Pack Scented 150 Ct Total,5
joel,Clorox Disinfecting Bathroom Cleaner,5
classyyycait,L'or233al Paris Elvive Extraordinary Clay Rebalancing Conditioner - 12.6 Fl Oz,3
shelbyr,Clorox Disinfecting Bathroom Cleaner,5
mglenn3132,Clorox Disinfecting Wipes Value Pack Scented 150 Ct Total,5
sally,Tostitos Bite Size Tortilla Chips,4
kknox0772,Clear Scalp & Hair Therapy Total Care Nourishing Shampoo,1
jonathan,L'oreal Paris Advanced Hairstyle TXT IT Hyper-Fix Putty,1
vivian,Clorox Disinfecting Wipes Value Pack Scented 150 Ct Total,5
bakerbill,Godzilla 3d Includes Digital Copy Ultraviolet 3d/2d Blu-Ray/dvd,5
marciejo,Clorox Disinfecting Bathroom Cleaner,4
mplunk17,Clear Scalp & Hair Therapy Total Care Nourishing Shampoo,5
queenbee2u21,Clorox Disinfecting Wipes Value Pack Scented 150 Ct Total,5
sds101,Clorox Disinfecting Wipes Value Pack Scented 150 Ct Total,5
musicman,Jason Aldean - They Don't Know,5
steph,Clear Scalp & Hair Therapy Total Care Nourishing Shampoo,1
lovethewipes,Clorox Disinfecting Wipes Value Pack Scented 150 Ct Total,5
ine,Stander Pt Bedcane - Bed Handle,4
ediemi,Nexxus Exxtra Gel Style Creation Sculptor,5
amber,Vaseline Intensive Care Lip Therapy Cocoa Butter,5
carol1102,Vaseline Intensive Care Lip Therapy Cocoa Butter,5
37f5p,Planes: Fire Rescue (2 Discs) (includes Digital Copy) (blu-Ray/dvd),5
ryan,Boraam Sonoma Kitchen Cart With Wire Brush Gray - Maaya Home,3
eric,Godzilla 3d Includes Digital Copy Ultraviolet 3d/2d Blu-Ray/dvd,4
dkays02,Clorox Disinfecting Wipes Value Pack Scented 150 Ct Total,5
hello6,Clorox Disinfecting Bathroom Cleaner,5
themcdermitts,Clorox Disinfecting Wipes Value Pack Scented 150 Ct Total,5
kimberly,"Way Basics 3-Shelf Eco Narrow Bookcase Storage Shelf, Espresso - Formaldehyde Free - Lifetime Guarantee",1
dpatch,Red (special Edition) (dvdvideo),4
adriana,"Burt's Bees Lip Shimmer, Raisin",5
mike,Godzilla 3d Includes Digital Copy Ultraviolet 3d/2d Blu-Ray/dvd,4
jgurl,Clear Scalp & Hair Therapy Total Care Nourishing Shampoo,2
qegr,Clorox Disinfecting Bathroom Cleaner,4
laurenalexa,L'or233al Paris Elvive Extraordinary Clay Rebalancing Conditioner - 12.6 Fl Oz,4
staci,Nexxus Exxtra Gel Style Creation Sculptor,1
southernhands,Clorox Disinfecting Wipes Value Pack Scented 150 Ct Total,5
marcijean,Clorox Disinfecting Wipes Value Pack Scented 150 Ct Total,5
kitsakos,L'or233al Paris Elvive Extraordinary Clay Rebalancing Conditioner - 12.6 Fl Oz,4
christi1982,Clorox Disinfecting Wipes Value Pack Scented 150 Ct Total,5
tracelyn28,Clorox Disinfecting Bathroom Cleaner,5
byamazon customer,"Lundberg Wehani Rice, 25lb",5
dmommy,Clorox Disinfecting Wipes Value Pack Scented 150 Ct Total,5
maureen,Hoover174 Platinum Collection153 Lightweight Bagged Upright Vacuum With Canister - Uh30010com,3
mommykeedie,Clorox Disinfecting Wipes Value Pack Scented 150 Ct Total,5
meme13,Clorox Disinfecting Bathroom Cleaner,5
bb,"Pendaflex174 Divide It Up File Folder, Multi Section, Letter, Assorted, 12/pack",4
sriracha,Clear Scalp & Hair Therapy Total Care Nourishing Shampoo,1
drew,The Resident Evil Collection 5 Discs (blu-Ray),5
susie,"Pleasant Hearth 1,800 sq ft Wood Burning Stove with Blower, Medium, LWS-127201",5
alice,The Resident Evil Collection 5 Discs (blu-Ray),5
moviejunkie,Planes: Fire Rescue (2 Discs) (includes Digital Copy) (blu-Ray/dvd),3
jordan,Godzilla 3d Includes Digital Copy Ultraviolet 3d/2d Blu-Ray/dvd,5
candy,Clorox Disinfecting Wipes Value Pack Scented 150 Ct Total,5
crissyterrio,L'or233al Paris Elvive Extraordinary Clay Rebalancing Conditioner - 12.6 Fl Oz,4
amanda,K-Y Love Sensuality Pleasure Gel,5
nata,Clorox Disinfecting Wipes Value Pack Scented 150 Ct Total,5
lbarnett,Clorox Disinfecting Bathroom Cleaner,5
review009,L'or233al Paris Elvive Extraordinary Clay Rebalancing Conditioner - 12.6 Fl Oz,3
stacy,Godzilla 3d Includes Digital Copy Ultraviolet 3d/2d Blu-Ray/dvd,5
gigl3zd,Clorox Disinfecting Wipes Value Pack Scented 150 Ct Total,5
luckydee102,Clorox Disinfecting Wipes Value Pack Scented 150 Ct Total,5
mario,My Big Fat Greek Wedding 2 (blu-Ray + Dvd + Digital),5
cleo,Clorox Disinfecting Bathroom Cleaner,4
infinity,Clorox Disinfecting Wipes Value Pack Scented 150 Ct Total,5
bill,Cheetos Crunchy Flamin' Hot Cheese Flavored Snacks,5
movieguy1214,Red (special Edition) (dvdvideo),5
risas,Clorox Disinfecting Wipes Value Pack Scented 150 Ct Total,5
staci,J.a. Henckels International 4-Pc Everedge Plus Steak Knife Set,1
roxy,"Hormel Chili, No Beans",3
alredhouse,Clorox Disinfecting Wipes Value Pack Scented 150 Ct Total,4
alvin,Nexxus Exxtra Gel Style Creation Sculptor,1
holly123,Clorox Disinfecting Wipes Value Pack Scented 150 Ct Total,5
jenyenkel,Clorox Disinfecting Wipes Value Pack Scented 150 Ct Total,4
gina,Chex Muddy Buddies Brownie Supreme Snack Mix,5
barb,100:Complete First Season (blu-Ray),5
ldg35,Clorox Disinfecting Wipes Value Pack Scented 150 Ct Total,4
victor,Godzilla 3d Includes Digital Copy Ultraviolet 3d/2d Blu-Ray/dvd,4
mitily,Clorox Disinfecting Wipes Value Pack Scented 150 Ct Total,5
chrissy,Godzilla 3d Includes Digital Copy Ultraviolet 3d/2d Blu-Ray/dvd,5
curlytea,Vaseline Intensive Care Lip Therapy Cocoa Butter,5
karen12,Clorox Disinfecting Wipes Value Pack Scented 150 Ct Total,5
nanna,"Hormel Chili, No Beans",4
lina0109,Clear Scalp & Hair Therapy Total Care Nourishing Shampoo,1
lovethatmonk,Clorox Disinfecting Wipes Value Pack Scented 150 Ct Total,5
punknpi,Clorox Disinfecting Wipes Value Pack Scented 150 Ct Total,5
pilkgirl,Clorox Disinfecting Wipes Value Pack Scented 150 Ct Total,5
slim,Planes: Fire Rescue (2 Discs) (includes Digital Copy) (blu-Ray/dvd),5
grandma,Tai Pei Sweet & Sour Chicken,4
clementc3,Nexxus Exxtra Gel Style Creation Sculptor,1
meredithh,Nexxus Exxtra Gel Style Creation Sculptor,1
ravy,Mike Dave Need Wedding Dates (dvd + Digital),5
deb,Stander Pt Bedcane - Bed Handle,5
wiseman378,Planes: Fire Rescue (2 Discs) (includes Digital Copy) (blu-Ray/dvd),4
danamarieb,L'or233al Paris Elvive Extraordinary Clay Rebalancing Conditioner - 12.6 Fl Oz,4
jbasa,My Big Fat Greek Wedding 2 (blu-Ray + Dvd + Digital),3
elle,"Aveeno Baby Continuous Protection Lotion Sunscreen with Broad Spectrum SPF 55, 4oz",5
tina,"Hormel Chili, No Beans",5
ally1989,Clorox Disinfecting Wipes Value Pack Scented 150 Ct Total,5
noemi,Clear Scalp & Hair Therapy Total Care Nourishing Shampoo,1
grimhildezim,Nexxus Exxtra Gel Style Creation Sculptor,5
hannahlea5977,L'or233al Paris Elvive Extraordinary Clay Rebalancing Conditioner - 12.6 Fl Oz,4
turtlesgirl7,Clorox Disinfecting Wipes Value Pack Scented 150 Ct Total,5
nanette,Chester's Cheese Flavored Puffcorn Snacks,5
renee,Mike Dave Need Wedding Dates (dvd + Digital),5
cburke,Nexxus Exxtra Gel Style Creation Sculptor,1
rubia,Clorox Disinfecting Wipes Value Pack Scented 150 Ct Total,4
mlehto,Clorox Disinfecting Bathroom Cleaner,5
kiko,Stargate (ws) (ultimate Edition) (director's Cut) (dvdvideo),3
byamazon customer,"Aveeno Baby Continuous Protection Lotion Sunscreen with Broad Spectrum SPF 55, 4oz",5
lostpuppy2,Godzilla 3d Includes Digital Copy Ultraviolet 3d/2d Blu-Ray/dvd,5
clarec,L'or233al Paris Elvive Extraordinary Clay Rebalancing Conditioner - 12.6 Fl Oz,4
flower,"Coty Airspun Face Powder, Translucent Extra Coverage",5
talmariejohn,L'or233al Paris Elvive Extraordinary Clay Rebalancing Conditioner - 12.6 Fl Oz,5
angie0104,Clorox Disinfecting Wipes Value Pack Scented 150 Ct Total,5
backstagepass475,Godzilla 3d Includes Digital Copy Ultraviolet 3d/2d Blu-Ray/dvd,4
lizlc,L'or233al Paris Elvive Extraordinary Clay Rebalancing Conditioner - 12.6 Fl Oz,4
casey,Godzilla 3d Includes Digital Copy Ultraviolet 3d/2d Blu-Ray/dvd,4
cdedbdb,Clorox Disinfecting Wipes Value Pack Scented 150 Ct Total,5
dougr,Nexxus Exxtra Gel Style Creation Sculptor,1
debb,Tostitos Bite Size Tortilla Chips,5
finsrule,Clorox Disinfecting Bathroom Cleaner,5
nickynamey,Clorox Disinfecting Wipes Value Pack Scented 150 Ct Total,4
sue,"Finish Quantum Dishwasher Detergent, Lemon Sparkle Scent, 45 Count",5
nursekirk,Vaseline Intensive Care Lip Therapy Cocoa Butter,5
nina,Hawaiian Punch Berry Limeade Blast Juice,5
earreaga,Clorox Disinfecting Wipes Value Pack Scented 150 Ct Total,5
babygirl,Godzilla 3d Includes Digital Copy Ultraviolet 3d/2d Blu-Ray/dvd,5
snopeep,L'or233al Paris Elvive Extraordinary Clay Rebalancing Conditioner - 12.6 Fl Oz,3
zipper,Godzilla 3d Includes Digital Copy Ultraviolet 3d/2d Blu-Ray/dvd,5
hazel,"All,bran Complete Wheat Flakes, 18 Oz.",5
honey6981,Clorox Disinfecting Bathroom Cleaner,5
lindsay,"Pendaflex174 Divide It Up File Folder, Multi Section, Letter, Assorted, 12/pack",4
erin,Clorox Disinfecting Wipes Value Pack Scented 150 Ct Total,4
lindylou,Nexxus Exxtra Gel Style Creation Sculptor,1
bg13,Clorox Disinfecting Bathroom Cleaner,4
cyndy,Head & Shoulders Classic Clean Conditioner,4
sharon,Solo Foods Poppy Seed Cake and Pastry Filling,4
kitkat69,Clorox Disinfecting Wipes Value Pack Scented 150 Ct Total,5
adriana9999,Clorox Disinfecting Wipes Value Pack Scented 150 Ct Total,5
ruth65walz,Clorox Disinfecting Bathroom Cleaner,5
brittany,Clear Scalp & Hair Therapy Total Care Nourishing Shampoo,1
julie4468,Clorox Disinfecting Wipes Value Pack Scented 150 Ct Total,5
chandraw,L'or233al Paris Elvive Extraordinary Clay Rebalancing Conditioner - 12.6 Fl Oz,4
natasha0712,Clorox Disinfecting Wipes Value Pack Scented 150 Ct Total,5
disneyfan,Godzilla 3d Includes Digital Copy Ultraviolet 3d/2d Blu-Ray/dvd,5
tigmommy,Clear Scalp & Hair Therapy Total Care Nourishing Shampoo,5
jenni090695,L'or233al Paris Elvive Extraordinary Clay Rebalancing Conditioner - 12.6 Fl Oz,5
couponingmo,Clorox Disinfecting Wipes Value Pack Scented 150 Ct Total,5
ashley,My Big Fat Greek Wedding 2 (blu-Ray + Dvd + Digital),4
mcgo,Clorox Disinfecting Wipes Value Pack Scented 150 Ct Total,5
kim,"Aveeno Baby Continuous Protection Lotion Sunscreen with Broad Spectrum SPF 55, 4oz",5
ash82085,Clorox Disinfecting Bathroom Cleaner,5
mike,Mike Dave Need Wedding Dates (dvd + Digital),3
drs1,Clorox Disinfecting Wipes Value Pack Scented 150 Ct Total,5
faithful,Olay Regenerist Deep Hydration Regenerating Cream,5
afwifey2003,Clorox Disinfecting Wipes Value Pack Scented 150 Ct Total,5
drew,Godzilla 3d Includes Digital Copy Ultraviolet 3d/2d Blu-Ray/dvd,3
patty55,Clear Scalp & Hair Therapy Total Care Nourishing Shampoo,2
pierre,"Just For Men Touch Of Gray Gray Hair Treatment, Black T-55",4
mikeylikesit,Godzilla 3d Includes Digital Copy Ultraviolet 3d/2d Blu-Ray/dvd,5
jclark481,Godzilla 3d Includes Digital Copy Ultraviolet 3d/2d Blu-Ray/dvd,5
instasteph,L'or233al Paris Elvive Extraordinary Clay Rebalancing Conditioner - 12.6 Fl Oz,4
lpowers77,Clorox Disinfecting Wipes Value Pack Scented 150 Ct Total,4
rose,"Bounce Dryer Sheets, Fresh Linen, 160 sheets",5
sharon,Sopranos:Season 6 Part 1 (blu-Ray),4
awesomesunshine,L'or233al Paris Elvive Extraordinary Clay Rebalancing Conditioner - 12.6 Fl Oz,4
aj2012,Clorox Disinfecting Wipes Value Pack Scented 150 Ct Total,5
tammy,Godzilla 3d Includes Digital Copy Ultraviolet 3d/2d Blu-Ray/dvd,5
milavalle13,L'or233al Paris Elvive Extraordinary Clay Rebalancing Conditioner - 12.6 Fl Oz,4
burntkneechin,L'or233al Paris Elvive Extraordinary Clay Rebalancing Conditioner - 12.6 Fl Oz,3
rebecca,K-Y Love Sensuality Pleasure Gel,1
shopper,Dark Shadows (includes Digital Copy) (ultraviolet) (dvdvideo),4
barb24,Clorox Disinfecting Wipes Value Pack Scented 150 Ct Total,5
lulu50,Clorox Disinfecting Bathroom Cleaner,5
meximoanmom,L'or233al Paris Elvive Extraordinary Clay Rebalancing Conditioner - 12.6 Fl Oz,4
angie447,Nexxus Exxtra Gel Style Creation Sculptor,5
alex,Godzilla 3d Includes Digital Copy Ultraviolet 3d/2d Blu-Ray/dvd,4
jessica,Vaseline Intensive Care Lip Therapy Cocoa Butter,5
tommty41,Godzilla 3d Includes Digital Copy Ultraviolet 3d/2d Blu-Ray/dvd,5
mrshutch,Clorox Disinfecting Wipes Value Pack Scented 150 Ct Total,5
hubcap,Clorox Disinfecting Wipes Value Pack Scented 150 Ct Total,5
catfan,Planes: Fire Rescue (2 Discs) (includes Digital Copy) (blu-Ray/dvd),3
sbstockr,Clorox Disinfecting Bathroom Cleaner,5
mommys06,Clorox Disinfecting Wipes Value Pack Scented 150 Ct Total,5
baker,Tai Pei Sweet & Sour Chicken,4
karagr,Clorox Disinfecting Wipes Value Pack Scented 150 Ct Total,5
paula,Windex Original Glass Cleaner Refill 67.6oz (2 Liter),4
bowinkle,Clorox Disinfecting Bathroom Cleaner,5
dimples82,Clorox Disinfecting Wipes Value Pack Scented 150 Ct Total,4
emily,Planes: Fire Rescue (2 Discs) (includes Digital Copy) (blu-Ray/dvd),5
mrc0205,Clorox Disinfecting Wipes Value Pack Scented 150 Ct Total,5
monik,Clorox Disinfecting Wipes Value Pack Scented 150 Ct Total,5
inna75,Clorox Disinfecting Wipes Value Pack Scented 150 Ct Total,5
anas79,Clorox Disinfecting Bathroom Cleaner,5
andreafl,Clorox Disinfecting Wipes Value Pack Scented 150 Ct Total,3
vypkf0,Diet Canada Dry Ginger Ale - 12pk/12 Fl Oz Cans,4
susu,"Hormel Chili, No Beans",5
browndiva007,Clorox Disinfecting Wipes Value Pack Scented 150 Ct Total,5
aclass,"WeatherTech 40647 14-15 Outlander Cargo Liners Behind 2nd Row, Black",5
movielover,Godzilla 3d Includes Digital Copy Ultraviolet 3d/2d Blu-Ray/dvd,5
kenneth,Godzilla 3d Includes Digital Copy Ultraviolet 3d/2d Blu-Ray/dvd,5
junierod,Clorox Disinfecting Wipes Value Pack Scented 150 Ct Total,3
joey,Godzilla 3d Includes Digital Copy Ultraviolet 3d/2d Blu-Ray/dvd,5
taylorsmom12,Clorox Disinfecting Wipes Value Pack Scented 150 Ct Total,5
sxctysix,Clorox Disinfecting Bathroom Cleaner,5
heidicat,Nexxus Exxtra Gel Style Creation Sculptor,1
twebb,Nexxus Exxtra Gel Style Creation Sculptor,1
wendy,Bisquick Original Pancake And Baking Mix - 40oz,5
klind,Clorox Disinfecting Wipes Value Pack Scented 150 Ct Total,5
raul,Mike Dave Need Wedding Dates (dvd + Digital),5
jeff,Godzilla 3d Includes Digital Copy Ultraviolet 3d/2d Blu-Ray/dvd,5
kell,"Hormel Chili, No Beans",5
cleanmachine,Clorox Disinfecting Bathroom Cleaner,5
momofthree,Nexxus Exxtra Gel Style Creation Sculptor,1
momofthree,Clorox Disinfecting Wipes Value Pack Scented 150 Ct Total,5
ronda,Clorox Disinfecting Bathroom Cleaner,5
laura,Lynk Professional174 Pull Out Cutting Board Bakeware Sliding Cabinet Organizer,5
donny304,Mike Dave Need Wedding Dates (dvd + Digital),5
jessica27407,L'or233al Paris Elvive Extraordinary Clay Rebalancing Conditioner - 12.6 Fl Oz,4
rocky,Godzilla 3d Includes Digital Copy Ultraviolet 3d/2d Blu-Ray/dvd,5
byamazon customer,"Lundberg Wehani Rice, 25lb",5
wvshopaholic,"Hormel Chili, No Beans",2
debvdk,Clorox Disinfecting Bathroom Cleaner,5
carlos,"Aveeno Baby Continuous Protection Lotion Sunscreen with Broad Spectrum SPF 55, 4oz",5
anita,"Caress Moisturizing Body Bar Natural Silk, 4.75oz",5
arlene,"Avery174 Ready Index Contemporary Table Of Contents Divider, 1-8, Multi, Letter",5
mamas,Red (special Edition) (dvdvideo),5
sandy,Stacy's Simply Naked Bagel Chips,1
meja,L'or233al Paris Elvive Extraordinary Clay Rebalancing Conditioner - 12.6 Fl Oz,4
higgy,"Avery174 Ready Index Contemporary Table Of Contents Divider, 1-8, Multi, Letter",5
mya33,Clorox Disinfecting Wipes Value Pack Scented 150 Ct Total,5
shanty,Clorox Disinfecting Wipes Value Pack Scented 150 Ct Total,3
chrisdo,"Pleasant Hearth 1,800 sq ft Wood Burning Stove with Blower, Medium, LWS-127201",5
terr,"Aussie Aussome Volume Shampoo, 13.5 Oz",5
mandysmith1122,L'or233al Paris Elvive Extraordinary Clay Rebalancing Conditioner - 12.6 Fl Oz,2
adrienne,Olay Regenerist Deep Hydration Regenerating Cream,5
linda,Cantu Coconut Milk Shine Hold Mist - 8oz,5
casey8924,Clorox Disinfecting Bathroom Cleaner,5
vccaan,Clorox Disinfecting Wipes Value Pack Scented 150 Ct Total,4
kristies,Clorox Disinfecting Bathroom Cleaner,5
steveo,Red (special Edition) (dvdvideo),5
pat13,Clorox Disinfecting Wipes Value Pack Scented 150 Ct Total,5
klangen,L'or233al Paris Elvive Extraordinary Clay Rebalancing Conditioner - 12.6 Fl Oz,3
joan,Godzilla 3d Includes Digital Copy Ultraviolet 3d/2d Blu-Ray/dvd,2
matt,Godzilla 3d Includes Digital Copy Ultraviolet 3d/2d Blu-Ray/dvd,4
carrot1991,Clorox Disinfecting Wipes Value Pack Scented 150 Ct Total,4
redbeelips,Clorox Disinfecting Wipes Value Pack Scented 150 Ct Total,5
janelleru,Clorox Disinfecting Wipes Value Pack Scented 150 Ct Total,5
cleaninggirl1,Clorox Disinfecting Bathroom Cleaner,4
brian,Nexxus Exxtra Gel Style Creation Sculptor,1
sjohnny,Dark Shadows (includes Digital Copy) (ultraviolet) (dvdvideo),3
mike,Clorox Disinfecting Wipes Value Pack Scented 150 Ct Total,5
blueheron,Mrs. Meyer's174 Lemon Verbena Laundry Scent Booster - 18oz,5
toddster7,Equals (blu-Ray),4
holly,Planes: Fire Rescue (2 Discs) (includes Digital Copy) (blu-Ray/dvd),5
mikey,Godzilla 3d Includes Digital Copy Ultraviolet 3d/2d Blu-Ray/dvd,4
twin,"Burt's Bees Lip Shimmer, Raisin",5
jujubee,Clorox Disinfecting Wipes Value Pack Scented 150 Ct Total,4
brandon,Godzilla 3d Includes Digital Copy Ultraviolet 3d/2d Blu-Ray/dvd,5
lynn63,Clorox Disinfecting Wipes Value Pack Scented 150 Ct Total,5
sarahk,Clorox Disinfecting Wipes Value Pack Scented 150 Ct Total,5
mommy,My Big Fat Greek Wedding 2 (blu-Ray + Dvd + Digital),5
shadow,Stargate (ws) (ultimate Edition) (director's Cut) (dvdvideo),4
1234,Mike Dave Need Wedding Dates (dvd + Digital),5
creative,Vaseline Intensive Care Lip Therapy Cocoa Butter,5
rbs522,Windex Original Glass Cleaner Refill 67.6oz (2 Liter),5
cowboy,Jason Aldean - They Don't Know,4
thomas,Godzilla 3d Includes Digital Copy Ultraviolet 3d/2d Blu-Ray/dvd,4
maddog,Dark Shadows (includes Digital Copy) (ultraviolet) (dvdvideo),5
steve,Godzilla 3d Includes Digital Copy Ultraviolet 3d/2d Blu-Ray/dvd,4
erin17,Clorox Disinfecting Bathroom Cleaner,4
kate,Godzilla 3d Includes Digital Copy Ultraviolet 3d/2d Blu-Ray/dvd,5
tiffany,Red (special Edition) (dvdvideo),4
mollmuff21,Clorox Disinfecting Wipes Value Pack Scented 150 Ct Total,4
momofbestkids,Nexxus Exxtra Gel Style Creation Sculptor,1
steveo,Clorox Disinfecting Bathroom Cleaner,3
marlisse,Clorox Disinfecting Wipes Value Pack Scented 150 Ct Total,5
bessie,"Avery174 Ready Index Contemporary Table Of Contents Divider, 1-8, Multi, Letter",5
menotyou,The Resident Evil Collection 5 Discs (blu-Ray),5
polishapplenerd,Godzilla 3d Includes Digital Copy Ultraviolet 3d/2d Blu-Ray/dvd,4
babas,Clorox Disinfecting Wipes Value Pack Scented 150 Ct Total,5
bonnieo,Clorox Disinfecting Wipes Value Pack Scented 150 Ct Total,5
guyanne,Clorox Disinfecting Bathroom Cleaner,5
dishguy,Clorox Disinfecting Wipes Value Pack Scented 150 Ct Total,5
reannajanine,Clorox Disinfecting Bathroom Cleaner,5
mountainman,Windex Original Glass Cleaner Refill 67.6oz (2 Liter),1
jillv,Sopranos:Season 6 Part 1 (blu-Ray),5
next1973,Clorox Disinfecting Wipes Value Pack Scented 150 Ct Total,5
draya77,Red (special Edition) (dvdvideo),4
sweetwater1856,Clorox Disinfecting Bathroom Cleaner,5
joshandles,Clorox Disinfecting Bathroom Cleaner,5
jenniferb,"Burt's Bees Lip Shimmer, Raisin",5
cougar,My Big Fat Greek Wedding 2 (blu-Ray + Dvd + Digital),4
crystal27587,Clorox Disinfecting Wipes Value Pack Scented 150 Ct Total,5
dima,L'or233al Paris Elvive Extraordinary Clay Rebalancing Conditioner - 12.6 Fl Oz,4
ljss,Nexxus Exxtra Gel Style Creation Sculptor,1
kpearce95,L'or233al Paris Elvive Extraordinary Clay Rebalancing Conditioner - 12.6 Fl Oz,4
chrissy,Red (special Edition) (dvdvideo),5
meg0405,Nexxus Exxtra Gel Style Creation Sculptor,1
spidey,Godzilla 3d Includes Digital Copy Ultraviolet 3d/2d Blu-Ray/dvd,4
mrspdosborne,Orajel Maximum Strength Toothache Pain Relief Liquid,5
wonderwoman,Ragu Roasted Garlic Parmesan Pasta Sauce,2
jacob,Godzilla 3d Includes Digital Copy Ultraviolet 3d/2d Blu-Ray/dvd,4
anna,Clorox Disinfecting Wipes Value Pack Scented 150 Ct Total,5
cathy123,Clorox Disinfecting Wipes Value Pack Scented 150 Ct Total,5
allan6048,Mike Dave Need Wedding Dates (dvd + Digital),5
sari,Clorox Disinfecting Wipes Value Pack Scented 150 Ct Total,5
del737,Clorox Disinfecting Bathroom Cleaner,5
jennifer451,Clorox Disinfecting Bathroom Cleaner,5
dimoon,Vaseline Intensive Care Lip Therapy Cocoa Butter,5
jillybeansoccermom,Clorox Disinfecting Bathroom Cleaner,5
cutemommyiam,Clorox Disinfecting Wipes Value Pack Scented 150 Ct Total,5
granny,Chester's Cheese Flavored Puffcorn Snacks,5
cly8,L'or233al Paris Elvive Extraordinary Clay Rebalancing Conditioner - 12.6 Fl Oz,3
chris,Dark Shadows (includes Digital Copy) (ultraviolet) (dvdvideo),4
bubblegum197035,Clorox Disinfecting Bathroom Cleaner,5
grace,Mike Dave Need Wedding Dates (dvd + Digital),5
kat410,Clorox Disinfecting Bathroom Cleaner,5
jessie26,Clorox Disinfecting Wipes Value Pack Scented 150 Ct Total,5
stephanie,Clorox Disinfecting Wipes Value Pack Scented 150 Ct Total,5
judy,Olay Regenerist Deep Hydration Regenerating Cream,5
brianskupa,Meguiar's Ultimate Quik Detailer 22-Oz.,5
stouticus,"Aveeno Baby Continuous Protection Lotion Sunscreen with Broad Spectrum SPF 55, 4oz",1
militarywife1,Clorox Disinfecting Wipes Value Pack Scented 150 Ct Total,5
solo,"Johnson's Baby Bubble Bath and Wash, 15oz",4
suewho,Clorox Disinfecting Bathroom Cleaner,5
nevergivnup,Planes: Fire Rescue (2 Discs) (includes Digital Copy) (blu-Ray/dvd),5
mamacitaof4,Clorox Disinfecting Wipes Value Pack Scented 150 Ct Total,5
smiles,"Aveeno Baby Continuous Protection Lotion Sunscreen with Broad Spectrum SPF 55, 4oz",4
princess,Alex Cross (dvdvideo),5
mommaoffour,Clorox Disinfecting Wipes Value Pack Scented 150 Ct Total,5
islandgirl671,Clorox Disinfecting Bathroom Cleaner,5
monica,Clear Scalp & Hair Therapy Total Care Nourishing Shampoo,2
gabbyr,Clorox Disinfecting Wipes Value Pack Scented 150 Ct Total,5
acg1,Clorox Disinfecting Wipes Value Pack Scented 150 Ct Total,4
chrissy,"Finish Quantum Dishwasher Detergent, Lemon Sparkle Scent, 45 Count",5
lima,Clorox Disinfecting Bathroom Cleaner,5
bblack,Clorox Disinfecting Bathroom Cleaner,4
love39,Clorox Disinfecting Wipes Value Pack Scented 150 Ct Total,5
kittykat,Vaseline Intensive Care Lip Therapy Cocoa Butter,5
john,"Pendaflex174 Divide It Up File Folder, Multi Section, Letter, Assorted, 12/pack",5
mistyboo,Clorox Disinfecting Wipes Value Pack Scented 150 Ct Total,4
pkrk,Planes: Fire Rescue (2 Discs) (includes Digital Copy) (blu-Ray/dvd),5
channybabygirl,Clorox Disinfecting Bathroom Cleaner,4
paul,Cheetos Crunchy Flamin' Hot Cheese Flavored Snacks,5
wally,The Resident Evil Collection 5 Discs (blu-Ray),5
dto2865,Godzilla 3d Includes Digital Copy Ultraviolet 3d/2d Blu-Ray/dvd,5
bill,"Hormel Chili, No Beans",4
lilang8833,Clorox Disinfecting Wipes Value Pack Scented 150 Ct Total,5
eric,The Resident Evil Collection 5 Discs (blu-Ray),5
dave,Godzilla 3d Includes Digital Copy Ultraviolet 3d/2d Blu-Ray/dvd,5
alexis,Clorox Disinfecting Wipes Value Pack Scented 150 Ct Total,5
thecleaninglady,Olay Regenerist Deep Hydration Regenerating Cream,5
loulou,Godzilla 3d Includes Digital Copy Ultraviolet 3d/2d Blu-Ray/dvd,4
cbennett,Clorox Disinfecting Wipes Value Pack Scented 150 Ct Total,5
amy1,My Big Fat Greek Wedding 2 (blu-Ray + Dvd + Digital),5
dave,Feit 60-Watt A19 Gu24 Base Led Light Bulb - Soft White,1
carlos,"Aveeno Baby Continuous Protection Lotion Sunscreen with Broad Spectrum SPF 55, 4oz",5
phil,Godzilla 3d Includes Digital Copy Ultraviolet 3d/2d Blu-Ray/dvd,5
nana,My Big Fat Greek Wedding 2 (blu-Ray + Dvd + Digital),5
jbroz23,Godzilla 3d Includes Digital Copy Ultraviolet 3d/2d Blu-Ray/dvd,5
anonymous 1,Clear Scalp & Hair Therapy Total Care Nourishing Shampoo,1
mikeh,Clorox Disinfecting Bathroom Cleaner,5
abcssds,Clorox Disinfecting Wipes Value Pack Scented 150 Ct Total,4
debbie2012,Clorox Disinfecting Wipes Value Pack Scented 150 Ct Total,5
stayhomemother,Clorox Disinfecting Bathroom Cleaner,5
amazing,Meguiar's Ultimate Quik Detailer 22-Oz.,5
crjones,L'or233al Paris Elvive Extraordinary Clay Rebalancing Conditioner - 12.6 Fl Oz,3
shear12,Clorox Disinfecting Wipes Value Pack Scented 150 Ct Total,5
mjohn,Clorox Disinfecting Wipes Value Pack Scented 150 Ct Total,5
jean,Mike Dave Need Wedding Dates (dvd + Digital),5
c,Mrs. Meyer's Lemon Verbena Surface Scrub,2
tina71,Clorox Disinfecting Bathroom Cleaner,5
tooney38,Clorox Disinfecting Wipes Value Pack Scented 150 Ct Total,4
lisa,Bisquick Original Pancake And Baking Mix - 40oz,5
mack,Godzilla 3d Includes Digital Copy Ultraviolet 3d/2d Blu-Ray/dvd,5
joseph,Godzilla 3d Includes Digital Copy Ultraviolet 3d/2d Blu-Ray/dvd,5
lina,Clorox Disinfecting Bathroom Cleaner,5
phoebe,"Vicks Vaporub, Regular, 3.53oz",5
sandi,Windex Original Glass Cleaner Refill 67.6oz (2 Liter),5
chris,Godzilla 3d Includes Digital Copy Ultraviolet 3d/2d Blu-Ray/dvd,5
karen,Godzilla 3d Includes Digital Copy Ultraviolet 3d/2d Blu-Ray/dvd,4
rick,Godzilla 3d Includes Digital Copy Ultraviolet 3d/2d Blu-Ray/dvd,3
mike,Godzilla 3d Includes Digital Copy Ultraviolet 3d/2d Blu-Ray/dvd,5
treader,Stargate (ws) (ultimate Edition) (director's Cut) (dvdvideo),5
cloroxfool,Clorox Disinfecting Bathroom Cleaner,5
viccckybooo,Clear Scalp & Hair Therapy Total Care Nourishing Shampoo,1
beck12,Clorox Disinfecting Bathroom Cleaner,5
dwoods,Clorox Disinfecting Wipes Value Pack Scented 150 Ct Total,5
mark thomas,"Better Built 74010862 Bet74010862 60In Crossover Two Lid, Deep, Truck Tool Box",5
chris,The Resident Evil Collection 5 Discs (blu-Ray),5
pamela,"Pendaflex174 Divide It Up File Folder, Multi Section, Letter, Assorted, 12/pack",4
person,Mike Dave Need Wedding Dates (dvd + Digital),3
ash4,Clorox Disinfecting Wipes Value Pack Scented 150 Ct Total,5
granny,Chester's Cheese Flavored Puffcorn Snacks,5
mecawecakte,My Big Fat Greek Wedding 2 (blu-Ray + Dvd + Digital),4
kathie,Clorox Disinfecting Wipes Value Pack Scented 150 Ct Total,5
kiani,Clorox Disinfecting Bathroom Cleaner,5
feeee,Clorox Disinfecting Wipes Value Pack Scented 150 Ct Total,5
olivia222,L'or233al Paris Elvive Extraordinary Clay Rebalancing Conditioner - 12.6 Fl Oz,4
besty,Godzilla 3d Includes Digital Copy Ultraviolet 3d/2d Blu-Ray/dvd,5
charlie,Alex Cross (dvdvideo),5
morehumanthanhuman,100:Complete First Season (blu-Ray),5
sweetpea626,Clorox Disinfecting Wipes Value Pack Scented 150 Ct Total,5
pcomsec,Clorox Disinfecting Wipes Value Pack Scented 150 Ct Total,5
tw350z,100:Complete First Season (blu-Ray),5
morgan,Meguiar's Deep Crystal Car Wash 64-Oz.,5
christa,Clorox Disinfecting Bathroom Cleaner,5
bob1,The Resident Evil Collection 5 Discs (blu-Ray),5
petra,Nexxus Exxtra Gel Style Creation Sculptor,3
flandabear,Clorox Disinfecting Wipes Value Pack Scented 150 Ct Total,5
balletdancer83,Clorox Disinfecting Wipes Value Pack Scented 150 Ct Total,5
john,The Resident Evil Collection 5 Discs (blu-Ray),3
influenster1227,L'or233al Paris Elvive Extraordinary Clay Rebalancing Conditioner - 12.6 Fl Oz,4
scooter,Godzilla 3d Includes Digital Copy Ultraviolet 3d/2d Blu-Ray/dvd,4
mine,The Resident Evil Collection 5 Discs (blu-Ray),5
mayolabr,L'or233al Paris Elvive Extraordinary Clay Rebalancing Conditioner - 12.6 Fl Oz,3
trina,Nexxus Exxtra Gel Style Creation Sculptor,1
angel,Chester's Cheese Flavored Puffcorn Snacks,5
theresah,Nexxus Exxtra Gel Style Creation Sculptor,1
donnap,Hoover174 Platinum Collection153 Lightweight Bagged Upright Vacuum With Canister - Uh30010com,5
ttop,Clorox Disinfecting Wipes Value Pack Scented 150 Ct Total,5
superman,Godzilla 3d Includes Digital Copy Ultraviolet 3d/2d Blu-Ray/dvd,5
izzy,Clorox Disinfecting Bathroom Cleaner,5
canyons422,Clorox Disinfecting Wipes Value Pack Scented 150 Ct Total,5
hutch69,My Big Fat Greek Wedding 2 (blu-Ray + Dvd + Digital),2
thisjenngirl,L'or233al Paris Elvive Extraordinary Clay Rebalancing Conditioner - 12.6 Fl Oz,4
movieguy,The Resident Evil Collection 5 Discs (blu-Ray),5
aac06002,Vaseline Intensive Care Lip Therapy Cocoa Butter,5
phil,"Pendaflex174 Divide It Up File Folder, Multi Section, Letter, Assorted, 12/pack",5
jilly,Yes To Grapefruit Rejuvenating Body Wash,4
cindyt,Clorox Disinfecting Bathroom Cleaner,5
watson28,Clear Scalp & Hair Therapy Total Care Nourishing Shampoo,1
jobuffy,Clorox Disinfecting Wipes Value Pack Scented 150 Ct Total,5
interpol1,Clear Scalp & Hair Therapy Total Care Nourishing Shampoo,1
katoette,Clorox Disinfecting Wipes Value Pack Scented 150 Ct Total,4
robflutie,Godzilla 3d Includes Digital Copy Ultraviolet 3d/2d Blu-Ray/dvd,5
burntpopcorn,Mike Dave Need Wedding Dates (dvd + Digital),4
ina4,Clear Scalp & Hair Therapy Total Care Nourishing Shampoo,1
trisha,Tostitos Bite Size Tortilla Chips,5
megan02,Clorox Disinfecting Wipes Value Pack Scented 150 Ct Total,5
berstann,Clorox Disinfecting Bathroom Cleaner,5
nikki24jc,Clear Scalp & Hair Therapy Total Care Nourishing Shampoo,1
bean,"Just For Men Touch Of Gray Gray Hair Treatment, Black T-55",5
behair,Clear Scalp & Hair Therapy Total Care Nourishing Shampoo,5
laurie,Olay Regenerist Deep Hydration Regenerating Cream,5
lovebestbuy,My Big Fat Greek Wedding 2 (blu-Ray + Dvd + Digital),4
chinarachel,Clorox Disinfecting Bathroom Cleaner,5
rocky,Godzilla 3d Includes Digital Copy Ultraviolet 3d/2d Blu-Ray/dvd,4
beth74,Clorox Disinfecting Wipes Value Pack Scented 150 Ct Total,5
robsgirl,Clear Scalp & Hair Therapy Total Care Nourishing Shampoo,2
macdaddy,The Resident Evil Collection 5 Discs (blu-Ray),5
bloomingingrace,Clorox Disinfecting Bathroom Cleaner,5
pink,Godzilla 3d Includes Digital Copy Ultraviolet 3d/2d Blu-Ray/dvd,5
sscc,"Avery174 Ready Index Contemporary Table Of Contents Divider, 1-8, Multi, Letter",5
rick,The Honest Company Laundry Detergent,5
kathyjo50,Clorox Disinfecting Bathroom Cleaner,5
patricia,"Aveeno Baby Continuous Protection Lotion Sunscreen with Broad Spectrum SPF 55, 4oz",1
eezemomma,Clorox Disinfecting Wipes Value Pack Scented 150 Ct Total,5
cleaner4,Clorox Disinfecting Wipes Value Pack Scented 150 Ct Total,5
johanneg,Clorox Disinfecting Wipes Value Pack Scented 150 Ct Total,5
mouse,"Burt's Bees Lip Shimmer, Raisin",5
christine,Clorox Disinfecting Wipes Value Pack Scented 150 Ct Total,5
wernigcourtney,L'or233al Paris Elvive Extraordinary Clay Rebalancing Conditioner - 12.6 Fl Oz,4
stephanie8810,"Ogx Conditioner, Hydrating Teatree Mint",5
djs2,Clorox Disinfecting Bathroom Cleaner,5
motherlovin,Clorox Disinfecting Wipes Value Pack Scented 150 Ct Total,5
fred,"Pendaflex174 Divide It Up File Folder, Multi Section, Letter, Assorted, 12/pack",5
ttdebbi,Clorox Disinfecting Bathroom Cleaner,5
jacarl,Nexxus Exxtra Gel Style Creation Sculptor,1
arlingtondonna,Clorox Disinfecting Bathroom Cleaner,5
angie,Various Artists - Choo Choo Soul (cd),1
lcjunior,The Resident Evil Collection 5 Discs (blu-Ray),5
taylorm,L'or233al Paris Elvive Extraordinary Clay Rebalancing Conditioner - 12.6 Fl Oz,4
george08,Mike Dave Need Wedding Dates (dvd + Digital),5
wind,Clorox Disinfecting Wipes Value Pack Scented 150 Ct Total,5
lori,"Burt's Bees Lip Shimmer, Raisin",5
dawn59,Clorox Disinfecting Wipes Value Pack Scented 150 Ct Total,5
melcsi,Clorox Disinfecting Wipes Value Pack Scented 150 Ct Total,5
mellin1,Clorox Disinfecting Bathroom Cleaner,5
atg29,"Avery174 Ready Index Contemporary Table Of Contents Divider, 1-8, Multi, Letter",5
jess,"Coty Airspun Face Powder, Translucent Extra Coverage",5
laura,Tresemme Kertatin Smooth Infusing Conditioning,5
nmm2592,L'or233al Paris Elvive Extraordinary Clay Rebalancing Conditioner - 12.6 Fl Oz,1
pat13,Clorox Disinfecting Bathroom Cleaner,5
luke,Clorox Disinfecting Wipes Value Pack Scented 150 Ct Total,4
mario19,My Big Fat Greek Wedding 2 (blu-Ray + Dvd + Digital),3
adma2,"Avery174 Ready Index Contemporary Table Of Contents Divider, 1-8, Multi, Letter",5
brecca,Clorox Disinfecting Bathroom Cleaner,5
radicxs2,Alex Cross (dvdvideo),4
reggie,Godzilla 3d Includes Digital Copy Ultraviolet 3d/2d Blu-Ray/dvd,3
dylan21,Clorox Disinfecting Wipes Value Pack Scented 150 Ct Total,5
bill k,Nexxus Exxtra Gel Style Creation Sculptor,1
superj,Nexxus Exxtra Gel Style Creation Sculptor,1
mommyonthego,Clorox Disinfecting Bathroom Cleaner,4
gussie,"Bounce Dryer Sheets, Fresh Linen, 160 sheets",5
redhead,"Hormel Chili, No Beans",1
sad curls,Nexxus Exxtra Gel Style Creation Sculptor,1
jill,Windex Original Glass Cleaner Refill 67.6oz (2 Liter),1
myreview,There's Something About Mary (dvd),4
julia,Chester's Cheese Flavored Puffcorn Snacks,5
tara,"Aveeno Baby Continuous Protection Lotion Sunscreen with Broad Spectrum SPF 55, 4oz",3
amyrn,Nexxus Exxtra Gel Style Creation Sculptor,1
donna,Solo Foods Poppy Seed Cake and Pastry Filling,1
ralph,Clorox Disinfecting Wipes Value Pack Scented 150 Ct Total,5
lmjb,L'or233al Paris Elvive Extraordinary Clay Rebalancing Conditioner - 12.6 Fl Oz,4
susan,Naturtint Nutrideep Multiplier Protective Cream,5
chris,Mike Dave Need Wedding Dates (dvd + Digital),5
grandma,Planes: Fire Rescue (2 Discs) (includes Digital Copy) (blu-Ray/dvd),5
patty,Planes: Fire Rescue (2 Discs) (includes Digital Copy) (blu-Ray/dvd),5
thewix,Godzilla 3d Includes Digital Copy Ultraviolet 3d/2d Blu-Ray/dvd,5
joem,Cuisinart174 Electric Juicer - Stainless Steel Cje-1000,5
jen41,Clorox Disinfecting Wipes Value Pack Scented 150 Ct Total,5
specialk,Diet Canada Dry Ginger Ale - 12pk/12 Fl Oz Cans,5
maxie,Clorox Disinfecting Wipes Value Pack Scented 150 Ct Total,4
thomas,Godzilla 3d Includes Digital Copy Ultraviolet 3d/2d Blu-Ray/dvd,5
kdearman,Clorox Disinfecting Wipes Value Pack Scented 150 Ct Total,5
teacher,"Pendaflex174 Divide It Up File Folder, Multi Section, Letter, Assorted, 12/pack",5
lisa,Chips Deluxe Soft 'n Chewy Cookies,5
sparky,Wagan Smartac 80watt Inverter With Usb,4
truth,"Storkcraft Tuscany Glider and Ottoman, Beige Cushions, Espresso Finish",1
crystal84,Red (special Edition) (dvdvideo),5
emmastar,Nexxus Exxtra Gel Style Creation Sculptor,3
beso,Clorox Disinfecting Wipes Value Pack Scented 150 Ct Total,5
techie,Mike Dave Need Wedding Dates (dvd + Digital),3
bert,"Caress Moisturizing Body Bar Natural Silk, 4.75oz",5
roxy,Vaseline Intensive Care Lip Therapy Cocoa Butter,5
kimmie,Godzilla 3d Includes Digital Copy Ultraviolet 3d/2d Blu-Ray/dvd,4
amerbamer,Clorox Disinfecting Wipes Value Pack Scented 150 Ct Total,5
jaykay,"Just For Men Touch Of Gray Gray Hair Treatment, Black T-55",5
deedee0614,Clear Scalp & Hair Therapy Total Care Nourishing Shampoo,3
renee f,L'or233al Paris Elvive Extraordinary Clay Rebalancing Conditioner - 12.6 Fl Oz,3
david,The Resident Evil Collection 5 Discs (blu-Ray),2
anita,"Avery174 Ready Index Contemporary Table Of Contents Divider, 1-8, Multi, Letter",5
shell84,Clorox Disinfecting Bathroom Cleaner,4
nicole,Boraam Sonoma Kitchen Cart With Wire Brush Gray - Maaya Home,5
bostongirl,L'or233al Paris Elvive Extraordinary Clay Rebalancing Conditioner - 12.6 Fl Oz,4
stretchthatles,Clorox Disinfecting Wipes Value Pack Scented 150 Ct Total,5
frank,My Big Fat Greek Wedding 2 (blu-Ray + Dvd + Digital),5
lisa1981,Clorox Disinfecting Wipes Value Pack Scented 150 Ct Total,5
island girl,"Avery174 Ready Index Contemporary Table Of Contents Divider, 1-8, Multi, Letter",3
couponing2000,Clorox Disinfecting Wipes Value Pack Scented 150 Ct Total,5
panther57,Clorox Disinfecting Bathroom Cleaner,5
jennifer23453,Clorox Disinfecting Wipes Value Pack Scented 150 Ct Total,5
esther,"Hormel Chili, No Beans",5
coronanatalie,L'or233al Paris Elvive Extraordinary Clay Rebalancing Conditioner - 12.6 Fl Oz,4
lisa,Kind Nut Delight Bar,5
pattycake,Chester's Cheese Flavored Puffcorn Snacks,5
tinaj,Clorox Disinfecting Wipes Value Pack Scented 150 Ct Total,5
cmpchrissy,Clorox Disinfecting Wipes Value Pack Scented 150 Ct Total,5
ripper,Godzilla 3d Includes Digital Copy Ultraviolet 3d/2d Blu-Ray/dvd,4
canela2,Clorox Disinfecting Wipes Value Pack Scented 150 Ct Total,5
ajface24,Clorox Disinfecting Wipes Value Pack Scented 150 Ct Total,4
brandy33,"Banana Boat Sunless Summer Color Self Tanning Lotion, Light To Medium",5
peggy,Tostitos Bite Size Tortilla Chips,5
flygirl09,Clorox Disinfecting Wipes Value Pack Scented 150 Ct Total,4
angel,Red (special Edition) (dvdvideo),5
petals66,Clorox Disinfecting Bathroom Cleaner,5
cinderella,Clorox Disinfecting Bathroom Cleaner,4
audra,Clorox Disinfecting Wipes Value Pack Scented 150 Ct Total,5
moviegeek,Godzilla 3d Includes Digital Copy Ultraviolet 3d/2d Blu-Ray/dvd,5
megs,Jason Aldean - They Don't Know,5
ronald,Mike Dave Need Wedding Dates (dvd + Digital),4
jadoremilan,L'or233al Paris Elvive Extraordinary Clay Rebalancing Conditioner - 12.6 Fl Oz,3
drew,The Resident Evil Collection 5 Discs (blu-Ray),5
marinebiochic07,Clorox Disinfecting Wipes Value Pack Scented 150 Ct Total,5
lexiiitaylor,L'or233al Paris Elvive Extraordinary Clay Rebalancing Conditioner - 12.6 Fl Oz,4
sara85,Clorox Disinfecting Bathroom Cleaner,4
scott,Mike Dave Need Wedding Dates (dvd + Digital),3
bsgw,L'or233al Paris Elvive Extraordinary Clay Rebalancing Conditioner - 12.6 Fl Oz,4
germz7,Planes: Fire Rescue (2 Discs) (includes Digital Copy) (blu-Ray/dvd),5
jjjj,Nexxus Exxtra Gel Style Creation Sculptor,1
millie0312,Clorox Disinfecting Wipes Value Pack Scented 150 Ct Total,4
dave,Clorox Disinfecting Bathroom Cleaner,4
mike5613,Windex Original Glass Cleaner Refill 67.6oz (2 Liter),5
senia,Clorox Disinfecting Wipes Value Pack Scented 150 Ct Total,5
jj1124,Clorox Disinfecting Wipes Value Pack Scented 150 Ct Total,5
david1,Clorox Disinfecting Wipes Value Pack Scented 150 Ct Total,5
marty317,Nexxus Exxtra Gel Style Creation Sculptor,1
david,"Pleasant Hearth 1,800 sq ft Wood Burning Stove with Blower, Medium, LWS-127201",4
doug,Windex Original Glass Cleaner Refill 67.6oz (2 Liter),1
greyson428,Clorox Disinfecting Bathroom Cleaner,4
puck,Power Crunch Protein Energy Bar Peanut Butter Creme Original,1
fffunnylady33,Clorox Disinfecting Bathroom Cleaner,4
janicej,L'or233al Paris Elvive Extraordinary Clay Rebalancing Conditioner - 12.6 Fl Oz,3
tina,Chester's Cheese Flavored Puffcorn Snacks,5
jenn,Cheetos Crunchy Flamin' Hot Cheese Flavored Snacks,5
joan,"Vicks Vaporub, Regular, 3.53oz",5
atid,Nexxus Exxtra Gel Style Creation Sculptor,1
lea5,Clorox Disinfecting Wipes Value Pack Scented 150 Ct Total,4
pepper,Godzilla 3d Includes Digital Copy Ultraviolet 3d/2d Blu-Ray/dvd,4
teckys4,Clorox Disinfecting Bathroom Cleaner,5
dave,Jason Aldean - They Don't Know,5
sankoff,Clorox Disinfecting Wipes Value Pack Scented 150 Ct Total,4
cheryl3d,Clear Scalp & Hair Therapy Total Care Nourishing Shampoo,5
samantha,Mike Dave Need Wedding Dates (dvd + Digital),5
mel l,L'or233al Paris Elvive Extraordinary Clay Rebalancing Conditioner - 12.6 Fl Oz,3
phoenixablaze,The Resident Evil Collection 5 Discs (blu-Ray),5
nanc,Clorox Disinfecting Bathroom Cleaner,5
macdaddy3409,Clorox Disinfecting Wipes Value Pack Scented 150 Ct Total,5
julie,"The Seaweed Bath Co. Argan Conditioner, Smoothing Citrus",3
mike,Godzilla 3d Includes Digital Copy Ultraviolet 3d/2d Blu-Ray/dvd,4
alta,Nexxus Exxtra Gel Style Creation Sculptor,2
lggarrett2,Clorox Disinfecting Wipes Value Pack Scented 150 Ct Total,5
robert,Nexxus Exxtra Gel Style Creation Sculptor,1
melmo,My Big Fat Greek Wedding 2 (blu-Ray + Dvd + Digital),5
jewls7182,Sopranos:Season 6 Part 1 (blu-Ray),5
michele,Clorox Disinfecting Bathroom Cleaner,5
judy,CeraVe SA Renewing Cream,4
sandib62,Clorox Disinfecting Wipes Value Pack Scented 150 Ct Total,5
143st,Red (special Edition) (dvdvideo),5
missy,Chips Ahoy! Original Chocolate Chip - Cookies - Family Size 18.2oz,5
sandy,Clorox Disinfecting Wipes Value Pack Scented 150 Ct Total,5
toni,Clorox Disinfecting Wipes Value Pack Scented 150 Ct Total,5
pirate96,Clorox Disinfecting Bathroom Cleaner,5
arlingtondonna,Clorox Disinfecting Wipes Value Pack Scented 150 Ct Total,5
buckster,Nexxus Exxtra Gel Style Creation Sculptor,1
bob,"BRIDGESTONE 130/70ZR18M/C(63W)FRONT EXEDRA G851, CRUISER RADL",5
blondie,Stargate (ws) (ultimate Edition) (director's Cut) (dvdvideo),4
fashionbomb,Godzilla 3d Includes Digital Copy Ultraviolet 3d/2d Blu-Ray/dvd,5
anthony,Godzilla 3d Includes Digital Copy Ultraviolet 3d/2d Blu-Ray/dvd,4
brad,Hoover174 Platinum Collection153 Lightweight Bagged Upright Vacuum With Canister - Uh30010com,4
dandan,"Coty Airspun Face Powder, Translucent Extra Coverage",5
ah78,Clorox Disinfecting Wipes Value Pack Scented 150 Ct Total,5
thomas,Tostitos Bite Size Tortilla Chips,5
nikki,Clorox Disinfecting Bathroom Cleaner,5
peach,Clorox Disinfecting Wipes Value Pack Scented 150 Ct Total,5
juanita,"Caress Moisturizing Body Bar Natural Silk, 4.75oz",5
eastrauss,Nexxus Exxtra Gel Style Creation Sculptor,3
qegr,Clorox Disinfecting Wipes Value Pack Scented 150 Ct Total,4
maria,Godzilla 3d Includes Digital Copy Ultraviolet 3d/2d Blu-Ray/dvd,5
kendy,Clorox Disinfecting Wipes Value Pack Scented 150 Ct Total,5
jackie0420,L'or233al Paris Elvive Extraordinary Clay Rebalancing Conditioner - 12.6 Fl Oz,4
hilda113,Clorox Disinfecting Wipes Value Pack Scented 150 Ct Total,5
meli23melo,Clorox Disinfecting Wipes Value Pack Scented 150 Ct Total,5
donna,Diet Canada Dry Ginger Ale - 12pk/12 Fl Oz Cans,5
kim22,Clorox Disinfecting Wipes Value Pack Scented 150 Ct Total,5
nvavinings,Nexxus Exxtra Gel Style Creation Sculptor,1
unicorn351,Clorox Disinfecting Bathroom Cleaner,5
k8schwartz,L'or233al Paris Elvive Extraordinary Clay Rebalancing Conditioner - 12.6 Fl Oz,3
mawer321,Clorox Disinfecting Wipes Value Pack Scented 150 Ct Total,4
nerdygirl,The Resident Evil Collection 5 Discs (blu-Ray),5
unnamed,Mike Dave Need Wedding Dates (dvd + Digital),2
suzanne,Clorox Disinfecting Bathroom Cleaner,5
babs,Clorox Disinfecting Wipes Value Pack Scented 150 Ct Total,5
preschoolteacha,Clorox Disinfecting Wipes Value Pack Scented 150 Ct Total,5
kate83,Clorox Disinfecting Wipes Value Pack Scented 150 Ct Total,4
drvnsnow,Clorox Disinfecting Wipes Value Pack Scented 150 Ct Total,4
andi,Red (special Edition) (dvdvideo),5
karen1,"Avery174 Ready Index Contemporary Table Of Contents Divider, 1-8, Multi, Letter",5
katygirl79,Clorox Disinfecting Bathroom Cleaner,5
meme,My Big Fat Greek Wedding 2 (blu-Ray + Dvd + Digital),5
richy,Mike Dave Need Wedding Dates (dvd + Digital),4
jenn35,Clorox Disinfecting Wipes Value Pack Scented 150 Ct Total,5
ocdealmama,Clorox Disinfecting Wipes Value Pack Scented 150 Ct Total,5
mack,Godzilla 3d Includes Digital Copy Ultraviolet 3d/2d Blu-Ray/dvd,4
laura,Windex Original Glass Cleaner Refill 67.6oz (2 Liter),1
kyla416,Clorox Disinfecting Wipes Value Pack Scented 150 Ct Total,5
byamazon customer,"Aveeno Baby Continuous Protection Lotion Sunscreen with Broad Spectrum SPF 55, 4oz",5
mts1,Clorox Disinfecting Wipes Value Pack Scented 150 Ct Total,5
jason,Godzilla 3d Includes Digital Copy Ultraviolet 3d/2d Blu-Ray/dvd,5
bobby,The Resident Evil Collection 5 Discs (blu-Ray),5
coupons2get,Clorox Disinfecting Bathroom Cleaner,4
jewels,Windex Original Glass Cleaner Refill 67.6oz (2 Liter),4
cj,Windex Original Glass Cleaner Refill 67.6oz (2 Liter),5
zmom,Clorox Disinfecting Wipes Value Pack Scented 150 Ct Total,4
swimmer2005,Planes: Fire Rescue (2 Discs) (includes Digital Copy) (blu-Ray/dvd),4
fsheehan1104,Clorox Disinfecting Wipes Value Pack Scented 150 Ct Total,5
slim,Planes: Fire Rescue (2 Discs) (includes Digital Copy) (blu-Ray/dvd),3
sammi,Clorox Disinfecting Bathroom Cleaner,5
marcus,Mike Dave Need Wedding Dates (dvd + Digital),4
katielynn10,Clorox Disinfecting Wipes Value Pack Scented 150 Ct Total,5
by...,"Lundberg Wehani Rice, 25lb",5
milka,L'or233al Paris Elvive Extraordinary Clay Rebalancing Conditioner - 12.6 Fl Oz,4
heather4,Clorox Disinfecting Wipes Value Pack Scented 150 Ct Total,5
kkltnbrn,Clorox Disinfecting Wipes Value Pack Scented 150 Ct Total,5
beverly,"Burt's Bees Lip Shimmer, Raisin",5
bykindle customer,"Lundberg Wehani Rice, 25lb",5
jennnnnnnnn,Clorox Disinfecting Wipes Value Pack Scented 150 Ct Total,5
happy,"Hormel Chili, No Beans",4
melissaw,Clorox Disinfecting Bathroom Cleaner,5
mudcat75979,The Resident Evil Collection 5 Discs (blu-Ray),4
patriot,Planes: Fire Rescue (2 Discs) (includes Digital Copy) (blu-Ray/dvd),5
movieguru,Godzilla 3d Includes Digital Copy Ultraviolet 3d/2d Blu-Ray/dvd,5
charvey,L'or233al Paris Elvive Extraordinary Clay Rebalancing Conditioner - 12.6 Fl Oz,4
maggie71,Clorox Disinfecting Wipes Value Pack Scented 150 Ct Total,5
tiffy,Clorox Disinfecting Bathroom Cleaner,5
linny,Clorox Disinfecting Bathroom Cleaner,5
none,Kind Dark Chocolate Chunk Gluten Free Granola Bars - 5 Count,3
nanc,There's Something About Mary (dvd),5
ctkc,Godzilla 3d Includes Digital Copy Ultraviolet 3d/2d Blu-Ray/dvd,5
curlygirl12345,Nexxus Exxtra Gel Style Creation Sculptor,1
mshoe,Clorox Disinfecting Wipes Value Pack Scented 150 Ct Total,5
larry,"Vicks Vaporub, Regular, 3.53oz",5
jerry,Godzilla 3d Includes Digital Copy Ultraviolet 3d/2d Blu-Ray/dvd,2
wowwie,Clorox Disinfecting Wipes Value Pack Scented 150 Ct Total,5
cannon,Nexxus Exxtra Gel Style Creation Sculptor,5
betty,Godzilla 3d Includes Digital Copy Ultraviolet 3d/2d Blu-Ray/dvd,5
robin47,Clorox Disinfecting Bathroom Cleaner,5
granny,Planes: Fire Rescue (2 Discs) (includes Digital Copy) (blu-Ray/dvd),5
nikki,Clorox Disinfecting Bathroom Cleaner,5
kaitc,L'or233al Paris Elvive Extraordinary Clay Rebalancing Conditioner - 12.6 Fl Oz,4
chey,Godzilla 3d Includes Digital Copy Ultraviolet 3d/2d Blu-Ray/dvd,5
mzlezz924,Vaseline Intensive Care Lip Therapy Cocoa Butter,5
josh,Godzilla 3d Includes Digital Copy Ultraviolet 3d/2d Blu-Ray/dvd,5
jcole,Clorox Disinfecting Wipes Value Pack Scented 150 Ct Total,5
nikki,Mike Dave Need Wedding Dates (dvd + Digital),5
david,My Big Fat Greek Wedding 2 (blu-Ray + Dvd + Digital),4
linny,L'oreal Paris Advanced Hairstyle TXT IT Hyper-Fix Putty,5
cleaingfreak,Clorox Disinfecting Wipes Value Pack Scented 150 Ct Total,5
robin,"Caress Moisturizing Body Bar Natural Silk, 4.75oz",5
alexis,Chips Ahoy! Original Chocolate Chip - Cookies - Family Size 18.2oz,5
couponingdad,Clorox Disinfecting Wipes Value Pack Scented 150 Ct Total,5
jmontoya123,Clorox Disinfecting Wipes Value Pack Scented 150 Ct Total,4
danielle,"Aussie Aussome Volume Shampoo, 13.5 Oz",1
missy,Mike Dave Need Wedding Dates (dvd + Digital),5
sandy,Chex Muddy Buddies Brownie Supreme Snack Mix,5
goodxgrief,L'or233al Paris Elvive Extraordinary Clay Rebalancing Conditioner - 12.6 Fl Oz,4
hisnhermom1,Clorox Disinfecting Wipes Value Pack Scented 150 Ct Total,4
meghan84,Vaseline Intensive Care Lip Therapy Cocoa Butter,4
mbonneau11,L'or233al Paris Elvive Extraordinary Clay Rebalancing Conditioner - 12.6 Fl Oz,4
ashley000,Clorox Disinfecting Bathroom Cleaner,4
agmt,Olay Regenerist Deep Hydration Regenerating Cream,5
aimee,My Big Fat Greek Wedding 2 (blu-Ray + Dvd + Digital),5
michelle,My Big Fat Greek Wedding 2 (blu-Ray + Dvd + Digital),4
jilly,Godzilla 3d Includes Digital Copy Ultraviolet 3d/2d Blu-Ray/dvd,5
jules,Planes: Fire Rescue (2 Discs) (includes Digital Copy) (blu-Ray/dvd),5
lolap,Clorox Disinfecting Wipes Value Pack Scented 150 Ct Total,4
thaot03,Clorox Disinfecting Bathroom Cleaner,5
justcallmefrizznow,Nexxus Exxtra Gel Style Creation Sculptor,1
yummy,Chester's Cheese Flavored Puffcorn Snacks,5
missingversastyler,Nexxus Exxtra Gel Style Creation Sculptor,1
my3sons03,Clorox Disinfecting Wipes Value Pack Scented 150 Ct Total,5
ally,My Big Fat Greek Wedding 2 (blu-Ray + Dvd + Digital),5
jenz,Vaseline Intensive Care Lip Therapy Cocoa Butter,5
ajune,Clorox Disinfecting Wipes Value Pack Scented 150 Ct Total,5
donna,Planes: Fire Rescue (2 Discs) (includes Digital Copy) (blu-Ray/dvd),5
bkeys1965,Clorox Disinfecting Bathroom Cleaner,5
vivi37,Clorox Disinfecting Bathroom Cleaner,5
krys5576,L'or233al Paris Elvive Extraordinary Clay Rebalancing Conditioner - 12.6 Fl Oz,4
reitzfamily,Nexxus Exxtra Gel Style Creation Sculptor,1
yellow,Clorox Disinfecting Wipes Value Pack Scented 150 Ct Total,4
mary,My Big Fat Greek Wedding 2 (blu-Ray + Dvd + Digital),5
zippy,Jason Aldean - They Don't Know,4
tony1,Godzilla 3d Includes Digital Copy Ultraviolet 3d/2d Blu-Ray/dvd,3
cgranados,Clorox Disinfecting Wipes Value Pack Scented 150 Ct Total,5
helen,Nexxus Exxtra Gel Style Creation Sculptor,1
becky227,Clorox Disinfecting Wipes Value Pack Scented 150 Ct Total,5
shelle,Vaseline Intensive Care Lip Therapy Cocoa Butter,4
xavier,"Pleasant Hearth 1,800 sq ft Wood Burning Stove with Blower, Medium, LWS-127201",5
byamazon customer,"Aveeno Baby Continuous Protection Lotion Sunscreen with Broad Spectrum SPF 55, 4oz",1
jess,Godzilla 3d Includes Digital Copy Ultraviolet 3d/2d Blu-Ray/dvd,4
henry,Nexxus Exxtra Gel Style Creation Sculptor,1
spunky,Sopranos:Season 6 Part 1 (blu-Ray),4
celeste,Clorox Disinfecting Wipes Value Pack Scented 150 Ct Total,5
islandnatural,L'or233al Paris Elvive Extraordinary Clay Rebalancing Conditioner - 12.6 Fl Oz,3
joey,The Resident Evil Collection 5 Discs (blu-Ray),5
joanne,"Hormel Chili, No Beans",5
cleo,Clorox Disinfecting Bathroom Cleaner,4
brenda,Planes: Fire Rescue (2 Discs) (includes Digital Copy) (blu-Ray/dvd),5
scott,Godzilla 3d Includes Digital Copy Ultraviolet 3d/2d Blu-Ray/dvd,4
bigred1,Clorox Disinfecting Bathroom Cleaner,5
msue,Nexxus Exxtra Gel Style Creation Sculptor,1
palmettogirl,Clorox Disinfecting Bathroom Cleaner,5
meldawn42,Clorox Disinfecting Wipes Value Pack Scented 150 Ct Total,5
emc2,Olay Regenerist Deep Hydration Regenerating Cream,5
jeff,Planes: Fire Rescue (2 Discs) (includes Digital Copy) (blu-Ray/dvd),5
moviewatcher,Planes: Fire Rescue (2 Discs) (includes Digital Copy) (blu-Ray/dvd),5
littletitan,Clorox Disinfecting Wipes Value Pack Scented 150 Ct Total,5
jen,Head & Shoulders Classic Clean Conditioner,3
steve,Mike Dave Need Wedding Dates (dvd + Digital),3
bobby,Cars Toon: Mater's Tall Tales,5
anabanana2112,Vaseline Intensive Care Lip Therapy Cocoa Butter,5
raindq,Head & Shoulders Dandruff Shampoo Ocean Lift 2 In 1,5
sous,Clorox Disinfecting Bathroom Cleaner,4
aaron,Mike Dave Need Wedding Dates (dvd + Digital),5
joseph,Red (special Edition) (dvdvideo),5
hezcal,Clorox Disinfecting Wipes Value Pack Scented 150 Ct Total,4
lisah,Clorox Disinfecting Bathroom Cleaner,5
izzy,Clear Scalp & Hair Therapy Total Care Nourishing Shampoo,3
leannal,L'or233al Paris Elvive Extraordinary Clay Rebalancing Conditioner - 12.6 Fl Oz,4
mr301,Godzilla 3d Includes Digital Copy Ultraviolet 3d/2d Blu-Ray/dvd,3
jessicaa,Clorox Disinfecting Wipes Value Pack Scented 150 Ct Total,5
rana,"Burt's Bees Lip Shimmer, Raisin",5
dvdfan,My Big Fat Greek Wedding 2 (blu-Ray + Dvd + Digital),5
lisa b,Nexxus Exxtra Gel Style Creation Sculptor,1
tink,Clorox Disinfecting Bathroom Cleaner,5
krakenk,L'or233al Paris Elvive Extraordinary Clay Rebalancing Conditioner - 12.6 Fl Oz,3
mandy12698,Clorox Disinfecting Bathroom Cleaner,5
tfdc73,Clorox Disinfecting Wipes Value Pack Scented 150 Ct Total,5
janice,Diet Canada Dry Ginger Ale - 12pk/12 Fl Oz Cans,5
mary,"Aussie Aussome Volume Shampoo, 13.5 Oz",5
nitmom,Clorox Disinfecting Wipes Value Pack Scented 150 Ct Total,5
loyalcustomerchicago,Clorox Disinfecting Bathroom Cleaner,1
paul,Godzilla 3d Includes Digital Copy Ultraviolet 3d/2d Blu-Ray/dvd,3
moviefan,My Big Fat Greek Wedding 2 (blu-Ray + Dvd + Digital),5
jack12720,Clorox Disinfecting Bathroom Cleaner,5
lauren,Clear Scalp & Hair Therapy Total Care Nourishing Shampoo,5
kel72,Clorox Disinfecting Bathroom Cleaner,5
ppark,Clorox Disinfecting Wipes Value Pack Scented 150 Ct Total,5
bonbon,Clorox Disinfecting Bathroom Cleaner,5
chellington,Vaseline Intensive Care Lip Therapy Cocoa Butter,5
scan,Chester's Cheese Flavored Puffcorn Snacks,5
dniemann,L'or233al Paris Elvive Extraordinary Clay Rebalancing Conditioner - 12.6 Fl Oz,4
sheri0926,Clorox Disinfecting Bathroom Cleaner,5
jjh852,Clorox Disinfecting Bathroom Cleaner,5
amber,Vaseline Intensive Care Lip Therapy Cocoa Butter,5
tami,"Pendaflex174 Divide It Up File Folder, Multi Section, Letter, Assorted, 12/pack",4
jimmy,Godzilla 3d Includes Digital Copy Ultraviolet 3d/2d Blu-Ray/dvd,1
rachaeleidson,L'or233al Paris Elvive Extraordinary Clay Rebalancing Conditioner - 12.6 Fl Oz,2
nessa,Planes: Fire Rescue (2 Discs) (includes Digital Copy) (blu-Ray/dvd),5
